[0.000000] (-) TimerEvent: {}
[0.000893] (arduino_interfaces) JobQueued: {'identifier': 'arduino_interfaces', 'dependencies': OrderedDict()}
[0.001030] (my_package) JobQueued: {'identifier': 'my_package', 'dependencies': OrderedDict()}
[0.001102] (tutorial_interfaces) JobQueued: {'identifier': 'tutorial_interfaces', 'dependencies': OrderedDict()}
[0.001166] (py_srvcli) JobQueued: {'identifier': 'py_srvcli', 'dependencies': OrderedDict({'arduino_interfaces': '/home/ras/DUM-E_ROSCode/ros2_ws/install/arduino_interfaces', 'tutorial_interfaces': '/home/ras/DUM-E_ROSCode/ros2_ws/install/tutorial_interfaces'})}
[0.001983] (arduino_interfaces) JobStarted: {'identifier': 'arduino_interfaces'}
[0.028191] (tutorial_interfaces) JobStarted: {'identifier': 'tutorial_interfaces'}
[0.046102] (my_package) JobStarted: {'identifier': 'my_package'}
[0.075566] (arduino_interfaces) JobProgress: {'identifier': 'arduino_interfaces', 'progress': 'cmake'}
[0.078289] (arduino_interfaces) Command: {'cmd': ['/usr/bin/cmake', '/home/ras/DUM-E_ROSCode/ros2_ws/src/arduino_interfaces', '-DCMAKE_INSTALL_PREFIX=/home/ras/DUM-E_ROSCode/ros2_ws/install/arduino_interfaces'], 'cwd': '/home/ras/DUM-E_ROSCode/ros2_ws/build/arduino_interfaces', 'env': OrderedDict({'LESSOPEN': '| /usr/bin/lesspipe %s', 'USER': 'ras', 'SSH_CLIENT': '145.93.117.102 55360 22', 'LC_TIME': 'nl_NL.UTF-8', 'XDG_SESSION_TYPE': 'tty', 'SHLVL': '1', 'LD_LIBRARY_PATH': '/opt/ros/jazzy/opt/rviz_ogre_vendor/lib:/opt/ros/jazzy/lib/aarch64-linux-gnu:/opt/ros/jazzy/opt/gz_math_vendor/lib:/opt/ros/jazzy/opt/gz_utils_vendor/lib:/opt/ros/jazzy/opt/gz_cmake_vendor/lib:/opt/ros/jazzy/lib', 'HOME': '/home/ras', 'OLDPWD': '/home/ras/DUM-E_ROSCode', 'SSH_TTY': '/dev/pts/3', 'ROS_PYTHON_VERSION': '3', 'LC_MONETARY': 'nl_NL.UTF-8', 'DBUS_SESSION_BUS_ADDRESS': 'unix:path=/run/user/1002/bus', 'DEBUGINFOD_URLS': 'https://debuginfod.ubuntu.com', 'ROS_DISTRO': 'jazzy', 'LOGNAME': 'ras', '_': '/usr/bin/colcon', 'ROS_VERSION': '2', 'XDG_SESSION_CLASS': 'user', 'TERM': 'xterm-256color', 'XDG_SESSION_ID': '28', 'PATH': '/opt/ros/jazzy/bin:/home/ras/.local/bin:/usr/local/sbin:/usr/local/bin:/usr/sbin:/usr/bin:/sbin:/bin:/usr/games:/usr/local/games:/snap/bin', 'LC_ADDRESS': 'nl_NL.UTF-8', 'XDG_RUNTIME_DIR': '/run/user/1002', 'LANG': 'C.UTF-8', 'LC_TELEPHONE': 'nl_NL.UTF-8', 'LS_COLORS': 'rs=0:di=01;34:ln=01;36:mh=00:pi=40;33:so=01;35:do=01;35:bd=40;33;01:cd=40;33;01:or=40;31;01:mi=00:su=37;41:sg=30;43:ca=00:tw=30;42:ow=34;42:st=37;44:ex=01;32:*.tar=01;31:*.tgz=01;31:*.arc=01;31:*.arj=01;31:*.taz=01;31:*.lha=01;31:*.lz4=01;31:*.lzh=01;31:*.lzma=01;31:*.tlz=01;31:*.txz=01;31:*.tzo=01;31:*.t7z=01;31:*.zip=01;31:*.z=01;31:*.dz=01;31:*.gz=01;31:*.lrz=01;31:*.lz=01;31:*.lzo=01;31:*.xz=01;31:*.zst=01;31:*.tzst=01;31:*.bz2=01;31:*.bz=01;31:*.tbz=01;31:*.tbz2=01;31:*.tz=01;31:*.deb=01;31:*.rpm=01;31:*.jar=01;31:*.war=01;31:*.ear=01;31:*.sar=01;31:*.rar=01;31:*.alz=01;31:*.ace=01;31:*.zoo=01;31:*.cpio=01;31:*.7z=01;31:*.rz=01;31:*.cab=01;31:*.wim=01;31:*.swm=01;31:*.dwm=01;31:*.esd=01;31:*.avif=01;35:*.jpg=01;35:*.jpeg=01;35:*.mjpg=01;35:*.mjpeg=01;35:*.gif=01;35:*.bmp=01;35:*.pbm=01;35:*.pgm=01;35:*.ppm=01;35:*.tga=01;35:*.xbm=01;35:*.xpm=01;35:*.tif=01;35:*.tiff=01;35:*.png=01;35:*.svg=01;35:*.svgz=01;35:*.mng=01;35:*.pcx=01;35:*.mov=01;35:*.mpg=01;35:*.mpeg=01;35:*.m2v=01;35:*.mkv=01;35:*.webm=01;35:*.webp=01;35:*.ogm=01;35:*.mp4=01;35:*.m4v=01;35:*.mp4v=01;35:*.vob=01;35:*.qt=01;35:*.nuv=01;35:*.wmv=01;35:*.asf=01;35:*.rm=01;35:*.rmvb=01;35:*.flc=01;35:*.avi=01;35:*.fli=01;35:*.flv=01;35:*.gl=01;35:*.dl=01;35:*.xcf=01;35:*.xwd=01;35:*.yuv=01;35:*.cgm=01;35:*.emf=01;35:*.ogv=01;35:*.ogx=01;35:*.aac=00;36:*.au=00;36:*.flac=00;36:*.m4a=00;36:*.mid=00;36:*.midi=00;36:*.mka=00;36:*.mp3=00;36:*.mpc=00;36:*.ogg=00;36:*.ra=00;36:*.wav=00;36:*.oga=00;36:*.opus=00;36:*.spx=00;36:*.xspf=00;36:*~=00;90:*#=00;90:*.bak=00;90:*.crdownload=00;90:*.dpkg-dist=00;90:*.dpkg-new=00;90:*.dpkg-old=00;90:*.dpkg-tmp=00;90:*.old=00;90:*.orig=00;90:*.part=00;90:*.rej=00;90:*.rpmnew=00;90:*.rpmorig=00;90:*.rpmsave=00;90:*.swp=00;90:*.tmp=00;90:*.ucf-dist=00;90:*.ucf-new=00;90:*.ucf-old=00;90:', 'AMENT_PREFIX_PATH': '/opt/ros/jazzy', 'SHELL': '/bin/bash', 'LC_NAME': 'nl_NL.UTF-8', 'LESSCLOSE': '/usr/bin/lesspipe %s %s', 'LC_MEASUREMENT': 'nl_NL.UTF-8', 'LC_IDENTIFICATION': 'nl_NL.UTF-8', 'ROS_AUTOMATIC_DISCOVERY_RANGE': 'SUBNET', 'PWD': '/home/ras/DUM-E_ROSCode/ros2_ws/build/arduino_interfaces', 'LC_ALL': 'en_US.UTF-8', 'SSH_CONNECTION': '145.93.117.102 55360 145.93.236.46 22', 'XDG_DATA_DIRS': '/usr/share/gnome:/usr/local/share:/usr/share:/var/lib/snapd/desktop', 'PYTHONPATH': '/opt/ros/jazzy/lib/python3.12/site-packages', 'LC_NUMERIC': 'nl_NL.UTF-8', 'LC_PAPER': 'nl_NL.UTF-8', 'COLCON': '1', 'CMAKE_PREFIX_PATH': '/opt/ros/jazzy/opt/gz_math_vendor:/opt/ros/jazzy/opt/gz_utils_vendor:/opt/ros/jazzy/opt/gz_cmake_vendor:/opt/ros/jazzy'}), 'shell': False}
[0.088812] (tutorial_interfaces) JobProgress: {'identifier': 'tutorial_interfaces', 'progress': 'cmake'}
[0.091293] (tutorial_interfaces) Command: {'cmd': ['/usr/bin/cmake', '/home/ras/DUM-E_ROSCode/ros2_ws/src/tutorial_interfaces', '-DCMAKE_INSTALL_PREFIX=/home/ras/DUM-E_ROSCode/ros2_ws/install/tutorial_interfaces'], 'cwd': '/home/ras/DUM-E_ROSCode/ros2_ws/build/tutorial_interfaces', 'env': OrderedDict({'LESSOPEN': '| /usr/bin/lesspipe %s', 'USER': 'ras', 'SSH_CLIENT': '145.93.117.102 55360 22', 'LC_TIME': 'nl_NL.UTF-8', 'XDG_SESSION_TYPE': 'tty', 'SHLVL': '1', 'LD_LIBRARY_PATH': '/opt/ros/jazzy/opt/rviz_ogre_vendor/lib:/opt/ros/jazzy/lib/aarch64-linux-gnu:/opt/ros/jazzy/opt/gz_math_vendor/lib:/opt/ros/jazzy/opt/gz_utils_vendor/lib:/opt/ros/jazzy/opt/gz_cmake_vendor/lib:/opt/ros/jazzy/lib', 'HOME': '/home/ras', 'OLDPWD': '/home/ras/DUM-E_ROSCode', 'SSH_TTY': '/dev/pts/3', 'ROS_PYTHON_VERSION': '3', 'LC_MONETARY': 'nl_NL.UTF-8', 'DBUS_SESSION_BUS_ADDRESS': 'unix:path=/run/user/1002/bus', 'DEBUGINFOD_URLS': 'https://debuginfod.ubuntu.com', 'ROS_DISTRO': 'jazzy', 'LOGNAME': 'ras', '_': '/usr/bin/colcon', 'ROS_VERSION': '2', 'XDG_SESSION_CLASS': 'user', 'TERM': 'xterm-256color', 'XDG_SESSION_ID': '28', 'PATH': '/opt/ros/jazzy/bin:/home/ras/.local/bin:/usr/local/sbin:/usr/local/bin:/usr/sbin:/usr/bin:/sbin:/bin:/usr/games:/usr/local/games:/snap/bin', 'LC_ADDRESS': 'nl_NL.UTF-8', 'XDG_RUNTIME_DIR': '/run/user/1002', 'LANG': 'C.UTF-8', 'LC_TELEPHONE': 'nl_NL.UTF-8', 'LS_COLORS': 'rs=0:di=01;34:ln=01;36:mh=00:pi=40;33:so=01;35:do=01;35:bd=40;33;01:cd=40;33;01:or=40;31;01:mi=00:su=37;41:sg=30;43:ca=00:tw=30;42:ow=34;42:st=37;44:ex=01;32:*.tar=01;31:*.tgz=01;31:*.arc=01;31:*.arj=01;31:*.taz=01;31:*.lha=01;31:*.lz4=01;31:*.lzh=01;31:*.lzma=01;31:*.tlz=01;31:*.txz=01;31:*.tzo=01;31:*.t7z=01;31:*.zip=01;31:*.z=01;31:*.dz=01;31:*.gz=01;31:*.lrz=01;31:*.lz=01;31:*.lzo=01;31:*.xz=01;31:*.zst=01;31:*.tzst=01;31:*.bz2=01;31:*.bz=01;31:*.tbz=01;31:*.tbz2=01;31:*.tz=01;31:*.deb=01;31:*.rpm=01;31:*.jar=01;31:*.war=01;31:*.ear=01;31:*.sar=01;31:*.rar=01;31:*.alz=01;31:*.ace=01;31:*.zoo=01;31:*.cpio=01;31:*.7z=01;31:*.rz=01;31:*.cab=01;31:*.wim=01;31:*.swm=01;31:*.dwm=01;31:*.esd=01;31:*.avif=01;35:*.jpg=01;35:*.jpeg=01;35:*.mjpg=01;35:*.mjpeg=01;35:*.gif=01;35:*.bmp=01;35:*.pbm=01;35:*.pgm=01;35:*.ppm=01;35:*.tga=01;35:*.xbm=01;35:*.xpm=01;35:*.tif=01;35:*.tiff=01;35:*.png=01;35:*.svg=01;35:*.svgz=01;35:*.mng=01;35:*.pcx=01;35:*.mov=01;35:*.mpg=01;35:*.mpeg=01;35:*.m2v=01;35:*.mkv=01;35:*.webm=01;35:*.webp=01;35:*.ogm=01;35:*.mp4=01;35:*.m4v=01;35:*.mp4v=01;35:*.vob=01;35:*.qt=01;35:*.nuv=01;35:*.wmv=01;35:*.asf=01;35:*.rm=01;35:*.rmvb=01;35:*.flc=01;35:*.avi=01;35:*.fli=01;35:*.flv=01;35:*.gl=01;35:*.dl=01;35:*.xcf=01;35:*.xwd=01;35:*.yuv=01;35:*.cgm=01;35:*.emf=01;35:*.ogv=01;35:*.ogx=01;35:*.aac=00;36:*.au=00;36:*.flac=00;36:*.m4a=00;36:*.mid=00;36:*.midi=00;36:*.mka=00;36:*.mp3=00;36:*.mpc=00;36:*.ogg=00;36:*.ra=00;36:*.wav=00;36:*.oga=00;36:*.opus=00;36:*.spx=00;36:*.xspf=00;36:*~=00;90:*#=00;90:*.bak=00;90:*.crdownload=00;90:*.dpkg-dist=00;90:*.dpkg-new=00;90:*.dpkg-old=00;90:*.dpkg-tmp=00;90:*.old=00;90:*.orig=00;90:*.part=00;90:*.rej=00;90:*.rpmnew=00;90:*.rpmorig=00;90:*.rpmsave=00;90:*.swp=00;90:*.tmp=00;90:*.ucf-dist=00;90:*.ucf-new=00;90:*.ucf-old=00;90:', 'AMENT_PREFIX_PATH': '/opt/ros/jazzy', 'SHELL': '/bin/bash', 'LC_NAME': 'nl_NL.UTF-8', 'LESSCLOSE': '/usr/bin/lesspipe %s %s', 'LC_MEASUREMENT': 'nl_NL.UTF-8', 'LC_IDENTIFICATION': 'nl_NL.UTF-8', 'ROS_AUTOMATIC_DISCOVERY_RANGE': 'SUBNET', 'PWD': '/home/ras/DUM-E_ROSCode/ros2_ws/build/tutorial_interfaces', 'LC_ALL': 'en_US.UTF-8', 'SSH_CONNECTION': '145.93.117.102 55360 145.93.236.46 22', 'XDG_DATA_DIRS': '/usr/share/gnome:/usr/local/share:/usr/share:/var/lib/snapd/desktop', 'PYTHONPATH': '/opt/ros/jazzy/lib/python3.12/site-packages', 'LC_NUMERIC': 'nl_NL.UTF-8', 'LC_PAPER': 'nl_NL.UTF-8', 'COLCON': '1', 'CMAKE_PREFIX_PATH': '/opt/ros/jazzy/opt/gz_math_vendor:/opt/ros/jazzy/opt/gz_utils_vendor:/opt/ros/jazzy/opt/gz_cmake_vendor:/opt/ros/jazzy'}), 'shell': False}
[0.099477] (-) TimerEvent: {}
[0.200298] (-) TimerEvent: {}
[0.301056] (-) TimerEvent: {}
[0.401730] (-) TimerEvent: {}
[0.502429] (-) TimerEvent: {}
[0.603046] (-) TimerEvent: {}
[0.703678] (-) TimerEvent: {}
[0.804320] (-) TimerEvent: {}
[0.904936] (-) TimerEvent: {}
[1.005688] (-) TimerEvent: {}
[1.079061] (tutorial_interfaces) StdoutLine: {'line': b'-- The C compiler identification is GNU 13.3.0\n'}
[1.081106] (arduino_interfaces) StdoutLine: {'line': b'-- The C compiler identification is GNU 13.3.0\n'}
[1.105948] (-) TimerEvent: {}
[1.209413] (-) TimerEvent: {}
[1.310131] (-) TimerEvent: {}
[1.410845] (-) TimerEvent: {}
[1.511667] (-) TimerEvent: {}
[1.612282] (-) TimerEvent: {}
[1.712906] (-) TimerEvent: {}
[1.813636] (-) TimerEvent: {}
[1.914523] (-) TimerEvent: {}
[1.946509] (tutorial_interfaces) StdoutLine: {'line': b'-- The CXX compiler identification is GNU 13.3.0\n'}
[1.947262] (arduino_interfaces) StdoutLine: {'line': b'-- The CXX compiler identification is GNU 13.3.0\n'}
[2.014668] (-) TimerEvent: {}
[2.053571] (tutorial_interfaces) StdoutLine: {'line': b'-- Detecting C compiler ABI info\n'}
[2.054174] (arduino_interfaces) StdoutLine: {'line': b'-- Detecting C compiler ABI info\n'}
[2.114849] (-) TimerEvent: {}
[2.217319] (-) TimerEvent: {}
[2.319320] (-) TimerEvent: {}
[2.419982] (-) TimerEvent: {}
[2.521488] (-) TimerEvent: {}
[2.599451] (arduino_interfaces) StdoutLine: {'line': b'-- Detecting C compiler ABI info - done\n'}
[2.603587] (tutorial_interfaces) StdoutLine: {'line': b'-- Detecting C compiler ABI info - done\n'}
[2.621675] (-) TimerEvent: {}
[2.636041] (arduino_interfaces) StdoutLine: {'line': b'-- Check for working C compiler: /usr/bin/cc - skipped\n'}
[2.638183] (arduino_interfaces) StdoutLine: {'line': b'-- Detecting C compile features\n'}
[2.640771] (arduino_interfaces) StdoutLine: {'line': b'-- Detecting C compile features - done\n'}
[2.643851] (tutorial_interfaces) StdoutLine: {'line': b'-- Check for working C compiler: /usr/bin/cc - skipped\n'}
[2.645260] (tutorial_interfaces) StdoutLine: {'line': b'-- Detecting C compile features\n'}
[2.647262] (tutorial_interfaces) StdoutLine: {'line': b'-- Detecting C compile features - done\n'}
[2.694197] (arduino_interfaces) StdoutLine: {'line': b'-- Detecting CXX compiler ABI info\n'}
[2.697736] (tutorial_interfaces) StdoutLine: {'line': b'-- Detecting CXX compiler ABI info\n'}
[2.721849] (-) TimerEvent: {}
[2.822637] (-) TimerEvent: {}
[2.923401] (-) TimerEvent: {}
[3.024396] (-) TimerEvent: {}
[3.125189] (-) TimerEvent: {}
[3.226179] (-) TimerEvent: {}
[3.264216] (arduino_interfaces) StdoutLine: {'line': b'-- Detecting CXX compiler ABI info - done\n'}
[3.265577] (tutorial_interfaces) StdoutLine: {'line': b'-- Detecting CXX compiler ABI info - done\n'}
[3.303170] (tutorial_interfaces) StdoutLine: {'line': b'-- Check for working CXX compiler: /usr/bin/c++ - skipped\n'}
[3.305820] (tutorial_interfaces) StdoutLine: {'line': b'-- Detecting CXX compile features\n'}
[3.307225] (tutorial_interfaces) StdoutLine: {'line': b'-- Detecting CXX compile features - done\n'}
[3.308693] (arduino_interfaces) StdoutLine: {'line': b'-- Check for working CXX compiler: /usr/bin/c++ - skipped\n'}
[3.310193] (arduino_interfaces) StdoutLine: {'line': b'-- Detecting CXX compile features\n'}
[3.312586] (arduino_interfaces) StdoutLine: {'line': b'-- Detecting CXX compile features - done\n'}
[3.326506] (-) TimerEvent: {}
[3.341380] (tutorial_interfaces) StdoutLine: {'line': b'-- Found ament_cmake: 2.5.3 (/opt/ros/jazzy/share/ament_cmake/cmake)\n'}
[3.342019] (arduino_interfaces) StdoutLine: {'line': b'-- Found ament_cmake: 2.5.3 (/opt/ros/jazzy/share/ament_cmake/cmake)\n'}
[3.426673] (-) TimerEvent: {}
[3.527419] (-) TimerEvent: {}
[3.628015] (-) TimerEvent: {}
[3.728678] (-) TimerEvent: {}
[3.830519] (-) TimerEvent: {}
[3.932074] (-) TimerEvent: {}
[4.033551] (-) TimerEvent: {}
[4.134700] (-) TimerEvent: {}
[4.235497] (-) TimerEvent: {}
[4.245483] (tutorial_interfaces) StdoutLine: {'line': b'-- Found Python3: /usr/bin/python3 (found version "3.12.3") found components: Interpreter \n'}
[4.246092] (arduino_interfaces) StdoutLine: {'line': b'-- Found Python3: /usr/bin/python3 (found version "3.12.3") found components: Interpreter \n'}
[4.337520] (-) TimerEvent: {}
[4.438295] (-) TimerEvent: {}
[4.539054] (-) TimerEvent: {}
[4.640784] (-) TimerEvent: {}
[4.743673] (-) TimerEvent: {}
[4.844298] (-) TimerEvent: {}
[4.947761] (-) TimerEvent: {}
[5.048436] (-) TimerEvent: {}
[5.061734] (tutorial_interfaces) StdoutLine: {'line': b'-- Found geometry_msgs: 5.3.5 (/opt/ros/jazzy/share/geometry_msgs/cmake)\n'}
[5.062420] (arduino_interfaces) StdoutLine: {'line': b'-- Found rosidl_default_generators: 1.6.0 (/opt/ros/jazzy/share/rosidl_default_generators/cmake)\n'}
[5.119693] (arduino_interfaces) StdoutLine: {'line': b'-- Using all available rosidl_typesupport_c: rosidl_typesupport_fastrtps_c;rosidl_typesupport_introspection_c\n'}
[5.149775] (-) TimerEvent: {}
[5.250436] (-) TimerEvent: {}
[5.351069] (-) TimerEvent: {}
[5.451735] (-) TimerEvent: {}
[5.471077] (tutorial_interfaces) StdoutLine: {'line': b'-- Found rosidl_generator_c: 4.6.5 (/opt/ros/jazzy/share/rosidl_generator_c/cmake)\n'}
[5.551913] (-) TimerEvent: {}
[5.591649] (tutorial_interfaces) StdoutLine: {'line': b'-- Found rosidl_generator_cpp: 4.6.5 (/opt/ros/jazzy/share/rosidl_generator_cpp/cmake)\n'}
[5.652067] (-) TimerEvent: {}
[5.663567] (arduino_interfaces) StdoutLine: {'line': b'-- Using all available rosidl_typesupport_cpp: rosidl_typesupport_fastrtps_cpp;rosidl_typesupport_introspection_cpp\n'}
[5.724488] (tutorial_interfaces) StdoutLine: {'line': b'-- Using all available rosidl_typesupport_c: rosidl_typesupport_fastrtps_c;rosidl_typesupport_introspection_c\n'}
[5.752426] (-) TimerEvent: {}
[5.853699] (-) TimerEvent: {}
[5.880216] (tutorial_interfaces) StdoutLine: {'line': b'-- Using all available rosidl_typesupport_cpp: rosidl_typesupport_fastrtps_cpp;rosidl_typesupport_introspection_cpp\n'}
[5.936458] (my_package) Command: {'cmd': ['/usr/bin/python3', '-W', 'ignore:setup.py install is deprecated', '-W', 'ignore:easy_install command is deprecated', 'setup.py', 'egg_info', '--egg-base', '../../build/my_package', 'build', '--build-base', '/home/ras/DUM-E_ROSCode/ros2_ws/build/my_package/build', 'install', '--record', '/home/ras/DUM-E_ROSCode/ros2_ws/build/my_package/install.log', '--single-version-externally-managed', 'install_data'], 'cwd': '/home/ras/DUM-E_ROSCode/ros2_ws/src/my_package', 'env': {'LESSOPEN': '| /usr/bin/lesspipe %s', 'USER': 'ras', 'SSH_CLIENT': '145.93.117.102 55360 22', 'LC_TIME': 'nl_NL.UTF-8', 'XDG_SESSION_TYPE': 'tty', 'SHLVL': '1', 'LD_LIBRARY_PATH': '/opt/ros/jazzy/opt/rviz_ogre_vendor/lib:/opt/ros/jazzy/lib/aarch64-linux-gnu:/opt/ros/jazzy/opt/gz_math_vendor/lib:/opt/ros/jazzy/opt/gz_utils_vendor/lib:/opt/ros/jazzy/opt/gz_cmake_vendor/lib:/opt/ros/jazzy/lib', 'HOME': '/home/ras', 'OLDPWD': '/home/ras/DUM-E_ROSCode', 'SSH_TTY': '/dev/pts/3', 'ROS_PYTHON_VERSION': '3', 'LC_MONETARY': 'nl_NL.UTF-8', 'DBUS_SESSION_BUS_ADDRESS': 'unix:path=/run/user/1002/bus', 'DEBUGINFOD_URLS': 'https://debuginfod.ubuntu.com', 'ROS_DISTRO': 'jazzy', 'LOGNAME': 'ras', '_': '/usr/bin/colcon', 'ROS_VERSION': '2', 'XDG_SESSION_CLASS': 'user', 'TERM': 'xterm-256color', 'XDG_SESSION_ID': '28', 'PATH': '/opt/ros/jazzy/bin:/home/ras/.local/bin:/usr/local/sbin:/usr/local/bin:/usr/sbin:/usr/bin:/sbin:/bin:/usr/games:/usr/local/games:/snap/bin', 'LC_ADDRESS': 'nl_NL.UTF-8', 'XDG_RUNTIME_DIR': '/run/user/1002', 'LANG': 'C.UTF-8', 'LC_TELEPHONE': 'nl_NL.UTF-8', 'LS_COLORS': 'rs=0:di=01;34:ln=01;36:mh=00:pi=40;33:so=01;35:do=01;35:bd=40;33;01:cd=40;33;01:or=40;31;01:mi=00:su=37;41:sg=30;43:ca=00:tw=30;42:ow=34;42:st=37;44:ex=01;32:*.tar=01;31:*.tgz=01;31:*.arc=01;31:*.arj=01;31:*.taz=01;31:*.lha=01;31:*.lz4=01;31:*.lzh=01;31:*.lzma=01;31:*.tlz=01;31:*.txz=01;31:*.tzo=01;31:*.t7z=01;31:*.zip=01;31:*.z=01;31:*.dz=01;31:*.gz=01;31:*.lrz=01;31:*.lz=01;31:*.lzo=01;31:*.xz=01;31:*.zst=01;31:*.tzst=01;31:*.bz2=01;31:*.bz=01;31:*.tbz=01;31:*.tbz2=01;31:*.tz=01;31:*.deb=01;31:*.rpm=01;31:*.jar=01;31:*.war=01;31:*.ear=01;31:*.sar=01;31:*.rar=01;31:*.alz=01;31:*.ace=01;31:*.zoo=01;31:*.cpio=01;31:*.7z=01;31:*.rz=01;31:*.cab=01;31:*.wim=01;31:*.swm=01;31:*.dwm=01;31:*.esd=01;31:*.avif=01;35:*.jpg=01;35:*.jpeg=01;35:*.mjpg=01;35:*.mjpeg=01;35:*.gif=01;35:*.bmp=01;35:*.pbm=01;35:*.pgm=01;35:*.ppm=01;35:*.tga=01;35:*.xbm=01;35:*.xpm=01;35:*.tif=01;35:*.tiff=01;35:*.png=01;35:*.svg=01;35:*.svgz=01;35:*.mng=01;35:*.pcx=01;35:*.mov=01;35:*.mpg=01;35:*.mpeg=01;35:*.m2v=01;35:*.mkv=01;35:*.webm=01;35:*.webp=01;35:*.ogm=01;35:*.mp4=01;35:*.m4v=01;35:*.mp4v=01;35:*.vob=01;35:*.qt=01;35:*.nuv=01;35:*.wmv=01;35:*.asf=01;35:*.rm=01;35:*.rmvb=01;35:*.flc=01;35:*.avi=01;35:*.fli=01;35:*.flv=01;35:*.gl=01;35:*.dl=01;35:*.xcf=01;35:*.xwd=01;35:*.yuv=01;35:*.cgm=01;35:*.emf=01;35:*.ogv=01;35:*.ogx=01;35:*.aac=00;36:*.au=00;36:*.flac=00;36:*.m4a=00;36:*.mid=00;36:*.midi=00;36:*.mka=00;36:*.mp3=00;36:*.mpc=00;36:*.ogg=00;36:*.ra=00;36:*.wav=00;36:*.oga=00;36:*.opus=00;36:*.spx=00;36:*.xspf=00;36:*~=00;90:*#=00;90:*.bak=00;90:*.crdownload=00;90:*.dpkg-dist=00;90:*.dpkg-new=00;90:*.dpkg-old=00;90:*.dpkg-tmp=00;90:*.old=00;90:*.orig=00;90:*.part=00;90:*.rej=00;90:*.rpmnew=00;90:*.rpmorig=00;90:*.rpmsave=00;90:*.swp=00;90:*.tmp=00;90:*.ucf-dist=00;90:*.ucf-new=00;90:*.ucf-old=00;90:', 'AMENT_PREFIX_PATH': '/opt/ros/jazzy', 'SHELL': '/bin/bash', 'LC_NAME': 'nl_NL.UTF-8', 'LESSCLOSE': '/usr/bin/lesspipe %s %s', 'LC_MEASUREMENT': 'nl_NL.UTF-8', 'LC_IDENTIFICATION': 'nl_NL.UTF-8', 'ROS_AUTOMATIC_DISCOVERY_RANGE': 'SUBNET', 'PWD': '/home/ras/DUM-E_ROSCode/ros2_ws/build/my_package', 'LC_ALL': 'en_US.UTF-8', 'SSH_CONNECTION': '145.93.117.102 55360 145.93.236.46 22', 'XDG_DATA_DIRS': '/usr/share/gnome:/usr/local/share:/usr/share:/var/lib/snapd/desktop', 'PYTHONPATH': '/home/ras/DUM-E_ROSCode/ros2_ws/build/my_package/prefix_override:/usr/lib/python3/dist-packages/colcon_core/task/python/colcon_distutils_commands:/home/ras/DUM-E_ROSCode/ros2_ws/install/my_package/lib/python3.12/site-packages:/opt/ros/jazzy/lib/python3.12/site-packages', 'LC_NUMERIC': 'nl_NL.UTF-8', 'LC_PAPER': 'nl_NL.UTF-8', 'COLCON': '1', 'CMAKE_PREFIX_PATH': '/opt/ros/jazzy/opt/gz_math_vendor:/opt/ros/jazzy/opt/gz_utils_vendor:/opt/ros/jazzy/opt/gz_cmake_vendor'}, 'shell': False}
[5.954417] (-) TimerEvent: {}
[6.035218] (arduino_interfaces) StdoutLine: {'line': b'-- Found rosidl_adapter: 4.6.5 (/opt/ros/jazzy/share/rosidl_adapter/cmake)\n'}
[6.054669] (-) TimerEvent: {}
[6.157283] (-) TimerEvent: {}
[6.211975] (tutorial_interfaces) StdoutLine: {'line': b'-- Found rosidl_default_generators: 1.6.0 (/opt/ros/jazzy/share/rosidl_default_generators/cmake)\n'}
[6.257457] (-) TimerEvent: {}
[6.344128] (tutorial_interfaces) StdoutLine: {'line': b'-- Found rosidl_adapter: 4.6.5 (/opt/ros/jazzy/share/rosidl_adapter/cmake)\n'}
[6.357651] (-) TimerEvent: {}
[6.458552] (-) TimerEvent: {}
[6.559494] (-) TimerEvent: {}
[6.660190] (-) TimerEvent: {}
[6.762554] (-) TimerEvent: {}
[6.863424] (-) TimerEvent: {}
[6.964320] (-) TimerEvent: {}
[7.065152] (-) TimerEvent: {}
[7.166013] (-) TimerEvent: {}
[7.269584] (-) TimerEvent: {}
[7.370720] (-) TimerEvent: {}
[7.471531] (-) TimerEvent: {}
[7.576566] (-) TimerEvent: {}
[7.677301] (-) TimerEvent: {}
[7.778109] (-) TimerEvent: {}
[7.833505] (my_package) StdoutLine: {'line': b'running egg_info\n'}
[7.835751] (my_package) StdoutLine: {'line': b'creating ../../build/my_package/my_package.egg-info\n'}
[7.880509] (-) TimerEvent: {}
[7.981144] (-) TimerEvent: {}
[8.020946] (my_package) StdoutLine: {'line': b'writing ../../build/my_package/my_package.egg-info/PKG-INFO\n'}
[8.023755] (my_package) StdoutLine: {'line': b'writing dependency_links to ../../build/my_package/my_package.egg-info/dependency_links.txt\n'}
[8.025870] (my_package) StdoutLine: {'line': b'writing entry points to ../../build/my_package/my_package.egg-info/entry_points.txt\n'}
[8.027052] (my_package) StdoutLine: {'line': b'writing requirements to ../../build/my_package/my_package.egg-info/requires.txt\n'}
[8.028144] (my_package) StdoutLine: {'line': b'writing top-level names to ../../build/my_package/my_package.egg-info/top_level.txt\n'}
[8.029318] (my_package) StdoutLine: {'line': b"writing manifest file '../../build/my_package/my_package.egg-info/SOURCES.txt'\n"}
[8.081690] (-) TimerEvent: {}
[8.183819] (-) TimerEvent: {}
[8.287107] (-) TimerEvent: {}
[8.387871] (-) TimerEvent: {}
[8.407993] (my_package) StdoutLine: {'line': b"reading manifest file '../../build/my_package/my_package.egg-info/SOURCES.txt'\n"}
[8.409554] (my_package) StdoutLine: {'line': b"adding license file 'LICENSE'\n"}
[8.411755] (my_package) StdoutLine: {'line': b"writing manifest file '../../build/my_package/my_package.egg-info/SOURCES.txt'\n"}
[8.413379] (my_package) StdoutLine: {'line': b'running build\n'}
[8.414259] (my_package) StdoutLine: {'line': b'running build_py\n'}
[8.415263] (my_package) StdoutLine: {'line': b'creating /home/ras/DUM-E_ROSCode/ros2_ws/build/my_package/build\n'}
[8.415916] (my_package) StdoutLine: {'line': b'creating /home/ras/DUM-E_ROSCode/ros2_ws/build/my_package/build/lib\n'}
[8.417650] (my_package) StdoutLine: {'line': b'creating /home/ras/DUM-E_ROSCode/ros2_ws/build/my_package/build/lib/my_package\n'}
[8.418476] (my_package) StdoutLine: {'line': b'copying my_package/my_node.py -> /home/ras/DUM-E_ROSCode/ros2_ws/build/my_package/build/lib/my_package\n'}
[8.419032] (my_package) StdoutLine: {'line': b'copying my_package/__init__.py -> /home/ras/DUM-E_ROSCode/ros2_ws/build/my_package/build/lib/my_package\n'}
[8.419787] (my_package) StdoutLine: {'line': b'running install\n'}
[8.455703] (my_package) StdoutLine: {'line': b'running install_lib\n'}
[8.489479] (-) TimerEvent: {}
[8.590134] (-) TimerEvent: {}
[8.634480] (my_package) StdoutLine: {'line': b'creating /home/ras/DUM-E_ROSCode/ros2_ws/install/my_package/lib/python3.12/site-packages/my_package\n'}
[8.635398] (my_package) StdoutLine: {'line': b'copying /home/ras/DUM-E_ROSCode/ros2_ws/build/my_package/build/lib/my_package/my_node.py -> /home/ras/DUM-E_ROSCode/ros2_ws/install/my_package/lib/python3.12/site-packages/my_package\n'}
[8.636421] (my_package) StdoutLine: {'line': b'copying /home/ras/DUM-E_ROSCode/ros2_ws/build/my_package/build/lib/my_package/__init__.py -> /home/ras/DUM-E_ROSCode/ros2_ws/install/my_package/lib/python3.12/site-packages/my_package\n'}
[8.639512] (my_package) StdoutLine: {'line': b'byte-compiling /home/ras/DUM-E_ROSCode/ros2_ws/install/my_package/lib/python3.12/site-packages/my_package/my_node.py to my_node.cpython-312.pyc\n'}
[8.641564] (my_package) StdoutLine: {'line': b'byte-compiling /home/ras/DUM-E_ROSCode/ros2_ws/install/my_package/lib/python3.12/site-packages/my_package/__init__.py to __init__.cpython-312.pyc\n'}
[8.642928] (my_package) StdoutLine: {'line': b'running install_data\n'}
[8.643721] (my_package) StdoutLine: {'line': b'creating /home/ras/DUM-E_ROSCode/ros2_ws/install/my_package/share/ament_index\n'}
[8.644531] (my_package) StdoutLine: {'line': b'creating /home/ras/DUM-E_ROSCode/ros2_ws/install/my_package/share/ament_index/resource_index\n'}
[8.645187] (my_package) StdoutLine: {'line': b'creating /home/ras/DUM-E_ROSCode/ros2_ws/install/my_package/share/ament_index/resource_index/packages\n'}
[8.645890] (my_package) StdoutLine: {'line': b'copying resource/my_package -> /home/ras/DUM-E_ROSCode/ros2_ws/install/my_package/share/ament_index/resource_index/packages\n'}
[8.646563] (my_package) StdoutLine: {'line': b'copying package.xml -> /home/ras/DUM-E_ROSCode/ros2_ws/install/my_package/share/my_package\n'}
[8.647011] (my_package) StdoutLine: {'line': b'running install_egg_info\n'}
[8.690300] (-) TimerEvent: {}
[8.792477] (-) TimerEvent: {}
[8.816094] (my_package) StdoutLine: {'line': b'Copying ../../build/my_package/my_package.egg-info to /home/ras/DUM-E_ROSCode/ros2_ws/install/my_package/lib/python3.12/site-packages/my_package-0.0.0-py3.12.egg-info\n'}
[8.825054] (my_package) StdoutLine: {'line': b'running install_scripts\n'}
[8.892671] (-) TimerEvent: {}
[8.993548] (-) TimerEvent: {}
[9.095110] (-) TimerEvent: {}
[9.197792] (-) TimerEvent: {}
[9.300494] (-) TimerEvent: {}
[9.401173] (-) TimerEvent: {}
[9.502528] (-) TimerEvent: {}
[9.604180] (-) TimerEvent: {}
[9.605739] (arduino_interfaces) StdoutLine: {'line': b'-- Found ament_cmake_ros: 0.12.0 (/opt/ros/jazzy/share/ament_cmake_ros/cmake)\n'}
[9.704460] (-) TimerEvent: {}
[9.805299] (-) TimerEvent: {}
[9.906152] (-) TimerEvent: {}
[9.919477] (my_package) StdoutLine: {'line': b'Installing my_node script to /home/ras/DUM-E_ROSCode/ros2_ws/install/my_package/lib/my_package\n'}
[9.921170] (my_package) StdoutLine: {'line': b"writing list of installed files to '/home/ras/DUM-E_ROSCode/ros2_ws/build/my_package/install.log'\n"}
[10.006552] (-) TimerEvent: {}
[10.107533] (tutorial_interfaces) StdoutLine: {'line': b'-- Found ament_cmake_ros: 0.12.0 (/opt/ros/jazzy/share/ament_cmake_ros/cmake)\n'}
[10.108241] (-) TimerEvent: {}
[10.117784] (my_package) CommandEnded: {'returncode': 0}
[10.170408] (my_package) JobEnded: {'identifier': 'my_package', 'rc': 0}
[10.208447] (-) TimerEvent: {}
[10.309126] (-) TimerEvent: {}
[10.409850] (-) TimerEvent: {}
[10.510564] (-) TimerEvent: {}
[10.611281] (-) TimerEvent: {}
[10.712104] (-) TimerEvent: {}
[10.812931] (-) TimerEvent: {}
[10.914126] (-) TimerEvent: {}
[11.015320] (-) TimerEvent: {}
[11.116310] (-) TimerEvent: {}
[11.217171] (-) TimerEvent: {}
[11.317858] (-) TimerEvent: {}
[11.418536] (-) TimerEvent: {}
[11.519465] (-) TimerEvent: {}
[11.620640] (-) TimerEvent: {}
[11.721393] (-) TimerEvent: {}
[11.822370] (-) TimerEvent: {}
[11.923054] (-) TimerEvent: {}
[12.023808] (-) TimerEvent: {}
[12.031243] (arduino_interfaces) StdoutLine: {'line': b'-- Using all available rosidl_typesupport_c: rosidl_typesupport_fastrtps_c;rosidl_typesupport_introspection_c\n'}
[12.123971] (-) TimerEvent: {}
[12.224758] (-) TimerEvent: {}
[12.325727] (-) TimerEvent: {}
[12.426460] (-) TimerEvent: {}
[12.527197] (-) TimerEvent: {}
[12.628117] (-) TimerEvent: {}
[12.729407] (-) TimerEvent: {}
[12.830279] (-) TimerEvent: {}
[12.931037] (-) TimerEvent: {}
[13.032109] (-) TimerEvent: {}
[13.133112] (-) TimerEvent: {}
[13.234148] (-) TimerEvent: {}
[13.334856] (-) TimerEvent: {}
[13.435485] (-) TimerEvent: {}
[13.536377] (-) TimerEvent: {}
[13.637579] (-) TimerEvent: {}
[13.738722] (-) TimerEvent: {}
[13.839432] (-) TimerEvent: {}
[13.940076] (-) TimerEvent: {}
[14.040817] (-) TimerEvent: {}
[14.141465] (-) TimerEvent: {}
[14.242083] (-) TimerEvent: {}
[14.342850] (-) TimerEvent: {}
[14.443519] (-) TimerEvent: {}
[14.544400] (-) TimerEvent: {}
[14.645474] (-) TimerEvent: {}
[14.694865] (tutorial_interfaces) StdoutLine: {'line': b'-- Using all available rosidl_typesupport_c: rosidl_typesupport_fastrtps_c;rosidl_typesupport_introspection_c\n'}
[14.745726] (-) TimerEvent: {}
[14.846880] (-) TimerEvent: {}
[14.948070] (-) TimerEvent: {}
[15.007578] (arduino_interfaces) StdoutLine: {'line': b'-- Using all available rosidl_typesupport_cpp: rosidl_typesupport_fastrtps_cpp;rosidl_typesupport_introspection_cpp\n'}
[15.034870] (arduino_interfaces) StdoutLine: {'line': b'-- Found python_cmake_module: 0.11.1 (/opt/ros/jazzy/share/python_cmake_module/cmake)\n'}
[15.048224] (-) TimerEvent: {}
[15.148953] (-) TimerEvent: {}
[15.249892] (-) TimerEvent: {}
[15.350564] (-) TimerEvent: {}
[15.451418] (-) TimerEvent: {}
[15.552275] (-) TimerEvent: {}
[15.652949] (-) TimerEvent: {}
[15.753731] (-) TimerEvent: {}
[15.768697] (arduino_interfaces) StdoutLine: {'line': b'-- Found PythonExtra: /usr/bin/python3  \n'}
[15.853952] (-) TimerEvent: {}
[15.954634] (-) TimerEvent: {}
[16.055240] (-) TimerEvent: {}
[16.155892] (-) TimerEvent: {}
[16.256631] (-) TimerEvent: {}
[16.357438] (-) TimerEvent: {}
[16.458362] (-) TimerEvent: {}
[16.503770] (tutorial_interfaces) StdoutLine: {'line': b'-- Using all available rosidl_typesupport_cpp: rosidl_typesupport_fastrtps_cpp;rosidl_typesupport_introspection_cpp\n'}
[16.528640] (tutorial_interfaces) StdoutLine: {'line': b'-- Found python_cmake_module: 0.11.1 (/opt/ros/jazzy/share/python_cmake_module/cmake)\n'}
[16.558492] (-) TimerEvent: {}
[16.659509] (-) TimerEvent: {}
[16.760465] (-) TimerEvent: {}
[16.861506] (-) TimerEvent: {}
[16.962400] (-) TimerEvent: {}
[17.063481] (-) TimerEvent: {}
[17.164116] (-) TimerEvent: {}
[17.261066] (tutorial_interfaces) StdoutLine: {'line': b'-- Found PythonExtra: /usr/bin/python3  \n'}
[17.264280] (-) TimerEvent: {}
[17.364943] (-) TimerEvent: {}
[17.465722] (-) TimerEvent: {}
[17.566656] (-) TimerEvent: {}
[17.667407] (-) TimerEvent: {}
[17.768033] (-) TimerEvent: {}
[17.868894] (-) TimerEvent: {}
[17.969611] (-) TimerEvent: {}
[18.070306] (-) TimerEvent: {}
[18.112292] (arduino_interfaces) StdoutLine: {'line': b'-- Found Python3: /usr/bin/python3 (found version "3.12.3") found components: Interpreter Development NumPy Development.Module Development.Embed \n'}
[18.170484] (-) TimerEvent: {}
[18.271140] (-) TimerEvent: {}
[18.313153] (arduino_interfaces) StdoutLine: {'line': b'-- Found ament_lint_auto: 0.17.1 (/opt/ros/jazzy/share/ament_lint_auto/cmake)\n'}
[18.371415] (-) TimerEvent: {}
[18.472179] (-) TimerEvent: {}
[18.553965] (arduino_interfaces) StdoutLine: {'line': b"-- Added test 'flake8' to check Python code syntax and style conventions\n"}
[18.554693] (arduino_interfaces) StdoutLine: {'line': b"-- Configured 'flake8' exclude dirs and/or files: \n"}
[18.558873] (arduino_interfaces) StdoutLine: {'line': b"-- Added test 'lint_cmake' to check CMake code style\n"}
[18.563109] (arduino_interfaces) StdoutLine: {'line': b"-- Added test 'pep257' to check Python code against some of the docstring style conventions in PEP 257\n"}
[18.572473] (-) TimerEvent: {}
[18.573742] (arduino_interfaces) StdoutLine: {'line': b"-- Added test 'xmllint' to check XML markup files\n"}
[18.597634] (arduino_interfaces) StdoutLine: {'line': b'-- Configuring done (18.5s)\n'}
[18.672629] (-) TimerEvent: {}
[18.773265] (-) TimerEvent: {}
[18.863680] (arduino_interfaces) StdoutLine: {'line': b'-- Generating done (0.2s)\n'}
[18.873444] (-) TimerEvent: {}
[18.929472] (arduino_interfaces) StdoutLine: {'line': b'-- Build files have been written to: /home/ras/DUM-E_ROSCode/ros2_ws/build/arduino_interfaces\n'}
[18.973891] (-) TimerEvent: {}
[18.992173] (arduino_interfaces) CommandEnded: {'returncode': 0}
[18.996218] (arduino_interfaces) JobProgress: {'identifier': 'arduino_interfaces', 'progress': 'build'}
[19.002808] (arduino_interfaces) Command: {'cmd': ['/usr/bin/cmake', '--build', '/home/ras/DUM-E_ROSCode/ros2_ws/build/arduino_interfaces', '--', '-j4', '-l4'], 'cwd': '/home/ras/DUM-E_ROSCode/ros2_ws/build/arduino_interfaces', 'env': OrderedDict({'LESSOPEN': '| /usr/bin/lesspipe %s', 'USER': 'ras', 'SSH_CLIENT': '145.93.117.102 55360 22', 'LC_TIME': 'nl_NL.UTF-8', 'XDG_SESSION_TYPE': 'tty', 'SHLVL': '1', 'LD_LIBRARY_PATH': '/opt/ros/jazzy/opt/rviz_ogre_vendor/lib:/opt/ros/jazzy/lib/aarch64-linux-gnu:/opt/ros/jazzy/opt/gz_math_vendor/lib:/opt/ros/jazzy/opt/gz_utils_vendor/lib:/opt/ros/jazzy/opt/gz_cmake_vendor/lib:/opt/ros/jazzy/lib', 'HOME': '/home/ras', 'OLDPWD': '/home/ras/DUM-E_ROSCode', 'SSH_TTY': '/dev/pts/3', 'ROS_PYTHON_VERSION': '3', 'LC_MONETARY': 'nl_NL.UTF-8', 'DBUS_SESSION_BUS_ADDRESS': 'unix:path=/run/user/1002/bus', 'DEBUGINFOD_URLS': 'https://debuginfod.ubuntu.com', 'ROS_DISTRO': 'jazzy', 'LOGNAME': 'ras', '_': '/usr/bin/colcon', 'ROS_VERSION': '2', 'XDG_SESSION_CLASS': 'user', 'TERM': 'xterm-256color', 'XDG_SESSION_ID': '28', 'PATH': '/opt/ros/jazzy/bin:/home/ras/.local/bin:/usr/local/sbin:/usr/local/bin:/usr/sbin:/usr/bin:/sbin:/bin:/usr/games:/usr/local/games:/snap/bin', 'LC_ADDRESS': 'nl_NL.UTF-8', 'XDG_RUNTIME_DIR': '/run/user/1002', 'LANG': 'C.UTF-8', 'LC_TELEPHONE': 'nl_NL.UTF-8', 'LS_COLORS': 'rs=0:di=01;34:ln=01;36:mh=00:pi=40;33:so=01;35:do=01;35:bd=40;33;01:cd=40;33;01:or=40;31;01:mi=00:su=37;41:sg=30;43:ca=00:tw=30;42:ow=34;42:st=37;44:ex=01;32:*.tar=01;31:*.tgz=01;31:*.arc=01;31:*.arj=01;31:*.taz=01;31:*.lha=01;31:*.lz4=01;31:*.lzh=01;31:*.lzma=01;31:*.tlz=01;31:*.txz=01;31:*.tzo=01;31:*.t7z=01;31:*.zip=01;31:*.z=01;31:*.dz=01;31:*.gz=01;31:*.lrz=01;31:*.lz=01;31:*.lzo=01;31:*.xz=01;31:*.zst=01;31:*.tzst=01;31:*.bz2=01;31:*.bz=01;31:*.tbz=01;31:*.tbz2=01;31:*.tz=01;31:*.deb=01;31:*.rpm=01;31:*.jar=01;31:*.war=01;31:*.ear=01;31:*.sar=01;31:*.rar=01;31:*.alz=01;31:*.ace=01;31:*.zoo=01;31:*.cpio=01;31:*.7z=01;31:*.rz=01;31:*.cab=01;31:*.wim=01;31:*.swm=01;31:*.dwm=01;31:*.esd=01;31:*.avif=01;35:*.jpg=01;35:*.jpeg=01;35:*.mjpg=01;35:*.mjpeg=01;35:*.gif=01;35:*.bmp=01;35:*.pbm=01;35:*.pgm=01;35:*.ppm=01;35:*.tga=01;35:*.xbm=01;35:*.xpm=01;35:*.tif=01;35:*.tiff=01;35:*.png=01;35:*.svg=01;35:*.svgz=01;35:*.mng=01;35:*.pcx=01;35:*.mov=01;35:*.mpg=01;35:*.mpeg=01;35:*.m2v=01;35:*.mkv=01;35:*.webm=01;35:*.webp=01;35:*.ogm=01;35:*.mp4=01;35:*.m4v=01;35:*.mp4v=01;35:*.vob=01;35:*.qt=01;35:*.nuv=01;35:*.wmv=01;35:*.asf=01;35:*.rm=01;35:*.rmvb=01;35:*.flc=01;35:*.avi=01;35:*.fli=01;35:*.flv=01;35:*.gl=01;35:*.dl=01;35:*.xcf=01;35:*.xwd=01;35:*.yuv=01;35:*.cgm=01;35:*.emf=01;35:*.ogv=01;35:*.ogx=01;35:*.aac=00;36:*.au=00;36:*.flac=00;36:*.m4a=00;36:*.mid=00;36:*.midi=00;36:*.mka=00;36:*.mp3=00;36:*.mpc=00;36:*.ogg=00;36:*.ra=00;36:*.wav=00;36:*.oga=00;36:*.opus=00;36:*.spx=00;36:*.xspf=00;36:*~=00;90:*#=00;90:*.bak=00;90:*.crdownload=00;90:*.dpkg-dist=00;90:*.dpkg-new=00;90:*.dpkg-old=00;90:*.dpkg-tmp=00;90:*.old=00;90:*.orig=00;90:*.part=00;90:*.rej=00;90:*.rpmnew=00;90:*.rpmorig=00;90:*.rpmsave=00;90:*.swp=00;90:*.tmp=00;90:*.ucf-dist=00;90:*.ucf-new=00;90:*.ucf-old=00;90:', 'AMENT_PREFIX_PATH': '/opt/ros/jazzy', 'SHELL': '/bin/bash', 'LC_NAME': 'nl_NL.UTF-8', 'LESSCLOSE': '/usr/bin/lesspipe %s %s', 'LC_MEASUREMENT': 'nl_NL.UTF-8', 'LC_IDENTIFICATION': 'nl_NL.UTF-8', 'ROS_AUTOMATIC_DISCOVERY_RANGE': 'SUBNET', 'PWD': '/home/ras/DUM-E_ROSCode/ros2_ws/build/arduino_interfaces', 'LC_ALL': 'en_US.UTF-8', 'SSH_CONNECTION': '145.93.117.102 55360 145.93.236.46 22', 'XDG_DATA_DIRS': '/usr/share/gnome:/usr/local/share:/usr/share:/var/lib/snapd/desktop', 'PYTHONPATH': '/opt/ros/jazzy/lib/python3.12/site-packages', 'LC_NUMERIC': 'nl_NL.UTF-8', 'LC_PAPER': 'nl_NL.UTF-8', 'COLCON': '1', 'CMAKE_PREFIX_PATH': '/opt/ros/jazzy/opt/gz_math_vendor:/opt/ros/jazzy/opt/gz_utils_vendor:/opt/ros/jazzy/opt/gz_cmake_vendor:/opt/ros/jazzy'}), 'shell': False}
[19.074060] (-) TimerEvent: {}
[19.174855] (-) TimerEvent: {}
[19.275638] (-) TimerEvent: {}
[19.299279] (arduino_interfaces) StdoutLine: {'line': b'[  2%] \x1b[34m\x1b[1mGenerating type hashes for ROS interfaces\x1b[0m\n'}
[19.352801] (arduino_interfaces) StdoutLine: {'line': b'[  2%] Built target ament_cmake_python_copy_arduino_interfaces\n'}
[19.375811] (-) TimerEvent: {}
[19.476614] (-) TimerEvent: {}
[19.577794] (-) TimerEvent: {}
[19.635710] (tutorial_interfaces) StdoutLine: {'line': b'-- Found Python3: /usr/bin/python3 (found version "3.12.3") found components: Interpreter Development NumPy Development.Module Development.Embed \n'}
[19.677950] (-) TimerEvent: {}
[19.780654] (-) TimerEvent: {}
[19.885192] (-) TimerEvent: {}
[19.988554] (-) TimerEvent: {}
[20.064517] (tutorial_interfaces) StdoutLine: {'line': b'-- Found ament_lint_auto: 0.17.1 (/opt/ros/jazzy/share/ament_lint_auto/cmake)\n'}
[20.088683] (-) TimerEvent: {}
[20.189283] (-) TimerEvent: {}
[20.290445] (-) TimerEvent: {}
[20.293573] (tutorial_interfaces) StdoutLine: {'line': b"-- Added test 'lint_cmake' to check CMake code style\n"}
[20.306279] (tutorial_interfaces) StdoutLine: {'line': b"-- Added test 'xmllint' to check XML markup files\n"}
[20.346644] (tutorial_interfaces) StdoutLine: {'line': b'-- Configuring done (20.2s)\n'}
[20.390639] (-) TimerEvent: {}
[20.446609] (arduino_interfaces) StdoutLine: {'line': b'[  2%] Built target arduino_interfaces__rosidl_generator_type_description\n'}
[20.490841] (-) TimerEvent: {}
[20.523679] (arduino_interfaces) StdoutLine: {'line': b'[  4%] \x1b[34m\x1b[1mGenerating C code for ROS interfaces\x1b[0m\n'}
[20.591040] (-) TimerEvent: {}
[20.641112] (arduino_interfaces) StdoutLine: {'line': b'[  6%] \x1b[34m\x1b[1mGenerating C++ code for ROS interfaces\x1b[0m\n'}
[20.691235] (-) TimerEvent: {}
[20.754663] (tutorial_interfaces) StdoutLine: {'line': b'-- Generating done (0.3s)\n'}
[20.792536] (-) TimerEvent: {}
[20.876408] (arduino_interfaces) StdoutLine: {'line': b'running egg_info\n'}
[20.880996] (arduino_interfaces) StdoutLine: {'line': b'creating arduino_interfaces.egg-info\n'}
[20.893577] (-) TimerEvent: {}
[20.930867] (tutorial_interfaces) StdoutLine: {'line': b'-- Build files have been written to: /home/ras/DUM-E_ROSCode/ros2_ws/build/tutorial_interfaces\n'}
[20.994627] (tutorial_interfaces) CommandEnded: {'returncode': 0}
[21.001453] (-) TimerEvent: {}
[21.002075] (tutorial_interfaces) JobProgress: {'identifier': 'tutorial_interfaces', 'progress': 'build'}
[21.002207] (tutorial_interfaces) Command: {'cmd': ['/usr/bin/cmake', '--build', '/home/ras/DUM-E_ROSCode/ros2_ws/build/tutorial_interfaces', '--', '-j4', '-l4'], 'cwd': '/home/ras/DUM-E_ROSCode/ros2_ws/build/tutorial_interfaces', 'env': OrderedDict({'LESSOPEN': '| /usr/bin/lesspipe %s', 'USER': 'ras', 'SSH_CLIENT': '145.93.117.102 55360 22', 'LC_TIME': 'nl_NL.UTF-8', 'XDG_SESSION_TYPE': 'tty', 'SHLVL': '1', 'LD_LIBRARY_PATH': '/opt/ros/jazzy/opt/rviz_ogre_vendor/lib:/opt/ros/jazzy/lib/aarch64-linux-gnu:/opt/ros/jazzy/opt/gz_math_vendor/lib:/opt/ros/jazzy/opt/gz_utils_vendor/lib:/opt/ros/jazzy/opt/gz_cmake_vendor/lib:/opt/ros/jazzy/lib', 'HOME': '/home/ras', 'OLDPWD': '/home/ras/DUM-E_ROSCode', 'SSH_TTY': '/dev/pts/3', 'ROS_PYTHON_VERSION': '3', 'LC_MONETARY': 'nl_NL.UTF-8', 'DBUS_SESSION_BUS_ADDRESS': 'unix:path=/run/user/1002/bus', 'DEBUGINFOD_URLS': 'https://debuginfod.ubuntu.com', 'ROS_DISTRO': 'jazzy', 'LOGNAME': 'ras', '_': '/usr/bin/colcon', 'ROS_VERSION': '2', 'XDG_SESSION_CLASS': 'user', 'TERM': 'xterm-256color', 'XDG_SESSION_ID': '28', 'PATH': '/opt/ros/jazzy/bin:/home/ras/.local/bin:/usr/local/sbin:/usr/local/bin:/usr/sbin:/usr/bin:/sbin:/bin:/usr/games:/usr/local/games:/snap/bin', 'LC_ADDRESS': 'nl_NL.UTF-8', 'XDG_RUNTIME_DIR': '/run/user/1002', 'LANG': 'C.UTF-8', 'LC_TELEPHONE': 'nl_NL.UTF-8', 'LS_COLORS': 'rs=0:di=01;34:ln=01;36:mh=00:pi=40;33:so=01;35:do=01;35:bd=40;33;01:cd=40;33;01:or=40;31;01:mi=00:su=37;41:sg=30;43:ca=00:tw=30;42:ow=34;42:st=37;44:ex=01;32:*.tar=01;31:*.tgz=01;31:*.arc=01;31:*.arj=01;31:*.taz=01;31:*.lha=01;31:*.lz4=01;31:*.lzh=01;31:*.lzma=01;31:*.tlz=01;31:*.txz=01;31:*.tzo=01;31:*.t7z=01;31:*.zip=01;31:*.z=01;31:*.dz=01;31:*.gz=01;31:*.lrz=01;31:*.lz=01;31:*.lzo=01;31:*.xz=01;31:*.zst=01;31:*.tzst=01;31:*.bz2=01;31:*.bz=01;31:*.tbz=01;31:*.tbz2=01;31:*.tz=01;31:*.deb=01;31:*.rpm=01;31:*.jar=01;31:*.war=01;31:*.ear=01;31:*.sar=01;31:*.rar=01;31:*.alz=01;31:*.ace=01;31:*.zoo=01;31:*.cpio=01;31:*.7z=01;31:*.rz=01;31:*.cab=01;31:*.wim=01;31:*.swm=01;31:*.dwm=01;31:*.esd=01;31:*.avif=01;35:*.jpg=01;35:*.jpeg=01;35:*.mjpg=01;35:*.mjpeg=01;35:*.gif=01;35:*.bmp=01;35:*.pbm=01;35:*.pgm=01;35:*.ppm=01;35:*.tga=01;35:*.xbm=01;35:*.xpm=01;35:*.tif=01;35:*.tiff=01;35:*.png=01;35:*.svg=01;35:*.svgz=01;35:*.mng=01;35:*.pcx=01;35:*.mov=01;35:*.mpg=01;35:*.mpeg=01;35:*.m2v=01;35:*.mkv=01;35:*.webm=01;35:*.webp=01;35:*.ogm=01;35:*.mp4=01;35:*.m4v=01;35:*.mp4v=01;35:*.vob=01;35:*.qt=01;35:*.nuv=01;35:*.wmv=01;35:*.asf=01;35:*.rm=01;35:*.rmvb=01;35:*.flc=01;35:*.avi=01;35:*.fli=01;35:*.flv=01;35:*.gl=01;35:*.dl=01;35:*.xcf=01;35:*.xwd=01;35:*.yuv=01;35:*.cgm=01;35:*.emf=01;35:*.ogv=01;35:*.ogx=01;35:*.aac=00;36:*.au=00;36:*.flac=00;36:*.m4a=00;36:*.mid=00;36:*.midi=00;36:*.mka=00;36:*.mp3=00;36:*.mpc=00;36:*.ogg=00;36:*.ra=00;36:*.wav=00;36:*.oga=00;36:*.opus=00;36:*.spx=00;36:*.xspf=00;36:*~=00;90:*#=00;90:*.bak=00;90:*.crdownload=00;90:*.dpkg-dist=00;90:*.dpkg-new=00;90:*.dpkg-old=00;90:*.dpkg-tmp=00;90:*.old=00;90:*.orig=00;90:*.part=00;90:*.rej=00;90:*.rpmnew=00;90:*.rpmorig=00;90:*.rpmsave=00;90:*.swp=00;90:*.tmp=00;90:*.ucf-dist=00;90:*.ucf-new=00;90:*.ucf-old=00;90:', 'AMENT_PREFIX_PATH': '/opt/ros/jazzy', 'SHELL': '/bin/bash', 'LC_NAME': 'nl_NL.UTF-8', 'LESSCLOSE': '/usr/bin/lesspipe %s %s', 'LC_MEASUREMENT': 'nl_NL.UTF-8', 'LC_IDENTIFICATION': 'nl_NL.UTF-8', 'ROS_AUTOMATIC_DISCOVERY_RANGE': 'SUBNET', 'PWD': '/home/ras/DUM-E_ROSCode/ros2_ws/build/tutorial_interfaces', 'LC_ALL': 'en_US.UTF-8', 'SSH_CONNECTION': '145.93.117.102 55360 145.93.236.46 22', 'XDG_DATA_DIRS': '/usr/share/gnome:/usr/local/share:/usr/share:/var/lib/snapd/desktop', 'PYTHONPATH': '/opt/ros/jazzy/lib/python3.12/site-packages', 'LC_NUMERIC': 'nl_NL.UTF-8', 'LC_PAPER': 'nl_NL.UTF-8', 'COLCON': '1', 'CMAKE_PREFIX_PATH': '/opt/ros/jazzy/opt/gz_math_vendor:/opt/ros/jazzy/opt/gz_utils_vendor:/opt/ros/jazzy/opt/gz_cmake_vendor:/opt/ros/jazzy'}), 'shell': False}
[21.090557] (arduino_interfaces) StdoutLine: {'line': b'writing arduino_interfaces.egg-info/PKG-INFO\n'}
[21.091660] (arduino_interfaces) StdoutLine: {'line': b'writing dependency_links to arduino_interfaces.egg-info/dependency_links.txt\n'}
[21.092765] (arduino_interfaces) StdoutLine: {'line': b'writing top-level names to arduino_interfaces.egg-info/top_level.txt\n'}
[21.096633] (arduino_interfaces) StdoutLine: {'line': b"writing manifest file 'arduino_interfaces.egg-info/SOURCES.txt'\n"}
[21.101568] (-) TimerEvent: {}
[21.202539] (-) TimerEvent: {}
[21.305778] (-) TimerEvent: {}
[21.408509] (-) TimerEvent: {}
[21.511606] (-) TimerEvent: {}
[21.541690] (tutorial_interfaces) StdoutLine: {'line': b'[  1%] \x1b[34m\x1b[1mGenerating type hashes for ROS interfaces\x1b[0m\n'}
[21.607549] (arduino_interfaces) StdoutLine: {'line': b"reading manifest file 'arduino_interfaces.egg-info/SOURCES.txt'\n"}
[21.610199] (arduino_interfaces) StdoutLine: {'line': b"writing manifest file 'arduino_interfaces.egg-info/SOURCES.txt'\n"}
[21.617630] (-) TimerEvent: {}
[21.642416] (tutorial_interfaces) StdoutLine: {'line': b'[  1%] Built target ament_cmake_python_copy_tutorial_interfaces\n'}
[21.720561] (-) TimerEvent: {}
[21.829625] (-) TimerEvent: {}
[21.870512] (arduino_interfaces) StdoutLine: {'line': b'[  6%] Built target ament_cmake_python_build_arduino_interfaces_egg\n'}
[21.931595] (-) TimerEvent: {}
[22.034494] (-) TimerEvent: {}
[22.135309] (-) TimerEvent: {}
[22.238480] (-) TimerEvent: {}
[22.339262] (-) TimerEvent: {}
[22.440111] (-) TimerEvent: {}
[22.544940] (-) TimerEvent: {}
[22.645699] (-) TimerEvent: {}
[22.747077] (-) TimerEvent: {}
[22.852540] (-) TimerEvent: {}
[22.953437] (-) TimerEvent: {}
[23.047460] (tutorial_interfaces) StdoutLine: {'line': b'[  1%] Built target tutorial_interfaces__rosidl_generator_type_description\n'}
[23.055715] (-) TimerEvent: {}
[23.142883] (tutorial_interfaces) StdoutLine: {'line': b'[  3%] \x1b[34m\x1b[1mGenerating C code for ROS interfaces\x1b[0m\n'}
[23.155917] (-) TimerEvent: {}
[23.231749] (tutorial_interfaces) StdoutLine: {'line': b'[  5%] \x1b[34m\x1b[1mGenerating C++ code for ROS interfaces\x1b[0m\n'}
[23.256497] (arduino_interfaces) StdoutLine: {'line': b'[  6%] Built target arduino_interfaces__cpp\n'}
[23.257318] (-) TimerEvent: {}
[23.323675] (arduino_interfaces) StdoutLine: {'line': b'[  9%] \x1b[32mBuilding C object CMakeFiles/arduino_interfaces__rosidl_generator_c.dir/rosidl_generator_c/arduino_interfaces/msg/detail/num__type_support.c.o\x1b[0m\n'}
[23.343126] (arduino_interfaces) StdoutLine: {'line': b'[ 11%] \x1b[32mBuilding C object CMakeFiles/arduino_interfaces__rosidl_generator_c.dir/rosidl_generator_c/arduino_interfaces/msg/detail/num__description.c.o\x1b[0m\n'}
[23.351538] (arduino_interfaces) StdoutLine: {'line': b'[ 13%] \x1b[32mBuilding C object CMakeFiles/arduino_interfaces__rosidl_generator_c.dir/rosidl_generator_c/arduino_interfaces/msg/detail/num__functions.c.o\x1b[0m\n'}
[23.360550] (-) TimerEvent: {}
[23.389895] (arduino_interfaces) StdoutLine: {'line': b'[ 15%] \x1b[32mBuilding C object CMakeFiles/arduino_interfaces__rosidl_generator_c.dir/rosidl_generator_c/arduino_interfaces/srv/detail/set_stepper_motor_positions__description.c.o\x1b[0m\n'}
[23.460783] (-) TimerEvent: {}
[23.550656] (tutorial_interfaces) StdoutLine: {'line': b'running egg_info\n'}
[23.556568] (tutorial_interfaces) StdoutLine: {'line': b'creating tutorial_interfaces.egg-info\n'}
[23.562484] (-) TimerEvent: {}
[23.665520] (-) TimerEvent: {}
[23.752298] (tutorial_interfaces) StdoutLine: {'line': b'writing tutorial_interfaces.egg-info/PKG-INFO\n'}
[23.756757] (tutorial_interfaces) StdoutLine: {'line': b'writing dependency_links to tutorial_interfaces.egg-info/dependency_links.txt\n'}
[23.757761] (tutorial_interfaces) StdoutLine: {'line': b'writing top-level names to tutorial_interfaces.egg-info/top_level.txt\n'}
[23.762566] (tutorial_interfaces) StdoutLine: {'line': b"writing manifest file 'tutorial_interfaces.egg-info/SOURCES.txt'\n"}
[23.766474] (-) TimerEvent: {}
[23.869860] (-) TimerEvent: {}
[23.883542] (arduino_interfaces) StdoutLine: {'line': b'[ 18%] \x1b[32mBuilding C object CMakeFiles/arduino_interfaces__rosidl_generator_c.dir/rosidl_generator_c/arduino_interfaces/srv/detail/set_stepper_motor_positions__functions.c.o\x1b[0m\n'}
[23.969519] (arduino_interfaces) StdoutLine: {'line': b'[ 20%] \x1b[32mBuilding C object CMakeFiles/arduino_interfaces__rosidl_generator_c.dir/rosidl_generator_c/arduino_interfaces/srv/detail/set_stepper_motor_positions__type_support.c.o\x1b[0m\n'}
[23.970227] (-) TimerEvent: {}
[24.071481] (-) TimerEvent: {}
[24.174755] (-) TimerEvent: {}
[24.275508] (-) TimerEvent: {}
[24.376481] (tutorial_interfaces) StdoutLine: {'line': b"reading manifest file 'tutorial_interfaces.egg-info/SOURCES.txt'\n"}
[24.377298] (-) TimerEvent: {}
[24.378474] (tutorial_interfaces) StdoutLine: {'line': b"writing manifest file 'tutorial_interfaces.egg-info/SOURCES.txt'\n"}
[24.477545] (-) TimerEvent: {}
[24.534199] (arduino_interfaces) StdoutLine: {'line': b'[ 22%] \x1b[32m\x1b[1mLinking C shared library libarduino_interfaces__rosidl_generator_c.so\x1b[0m\n'}
[24.556776] (tutorial_interfaces) StdoutLine: {'line': b'[  5%] Built target ament_cmake_python_build_tutorial_interfaces_egg\n'}
[24.579502] (-) TimerEvent: {}
[24.680201] (-) TimerEvent: {}
[24.772238] (arduino_interfaces) StdoutLine: {'line': b'[ 22%] Built target arduino_interfaces__rosidl_generator_c\n'}
[24.780468] (-) TimerEvent: {}
[24.862732] (arduino_interfaces) StdoutLine: {'line': b'[ 25%] \x1b[34m\x1b[1mGenerating C++ type support for eProsima Fast-RTPS\x1b[0m\n'}
[24.866561] (arduino_interfaces) StdoutLine: {'line': b'[ 27%] \x1b[34m\x1b[1mGenerating C type support dispatch for ROS interfaces\x1b[0m\n'}
[24.878542] (arduino_interfaces) StdoutLine: {'line': b'[ 29%] \x1b[34m\x1b[1mGenerating C type support for eProsima Fast-RTPS\x1b[0m\n'}
[24.881276] (-) TimerEvent: {}
[24.884940] (arduino_interfaces) StdoutLine: {'line': b'[ 31%] \x1b[34m\x1b[1mGenerating C introspection for ROS interfaces\x1b[0m\n'}
[24.981483] (-) TimerEvent: {}
[25.082245] (-) TimerEvent: {}
[25.185903] (-) TimerEvent: {}
[25.286800] (-) TimerEvent: {}
[25.393493] (-) TimerEvent: {}
[25.494393] (-) TimerEvent: {}
[25.601567] (-) TimerEvent: {}
[25.704509] (-) TimerEvent: {}
[25.809547] (-) TimerEvent: {}
[25.913030] (-) TimerEvent: {}
[26.014269] (-) TimerEvent: {}
[26.120503] (-) TimerEvent: {}
[26.140640] (tutorial_interfaces) StdoutLine: {'line': b'[  5%] Built target tutorial_interfaces__cpp\n'}
[26.224483] (-) TimerEvent: {}
[26.325321] (-) TimerEvent: {}
[26.426199] (-) TimerEvent: {}
[26.528853] (-) TimerEvent: {}
[26.634487] (-) TimerEvent: {}
[26.718129] (tutorial_interfaces) StdoutLine: {'line': b'[  9%] \x1b[32mBuilding C object CMakeFiles/tutorial_interfaces__rosidl_generator_c.dir/rosidl_generator_c/tutorial_interfaces/msg/detail/num__type_support.c.o\x1b[0m\n'}
[26.718856] (tutorial_interfaces) StdoutLine: {'line': b'[  9%] \x1b[32mBuilding C object CMakeFiles/tutorial_interfaces__rosidl_generator_c.dir/rosidl_generator_c/tutorial_interfaces/msg/detail/num__functions.c.o\x1b[0m\n'}
[26.729888] (tutorial_interfaces) StdoutLine: {'line': b'[ 11%] \x1b[32mBuilding C object CMakeFiles/tutorial_interfaces__rosidl_generator_c.dir/rosidl_generator_c/tutorial_interfaces/msg/detail/num__description.c.o\x1b[0m\n'}
[26.736482] (-) TimerEvent: {}
[26.737872] (tutorial_interfaces) StdoutLine: {'line': b'[ 12%] \x1b[32mBuilding C object CMakeFiles/tutorial_interfaces__rosidl_generator_c.dir/rosidl_generator_c/tutorial_interfaces/msg/detail/sphere__description.c.o\x1b[0m\n'}
[26.841515] (-) TimerEvent: {}
[26.943528] (-) TimerEvent: {}
[27.044413] (-) TimerEvent: {}
[27.093275] (tutorial_interfaces) StdoutLine: {'line': b'[ 14%] \x1b[32mBuilding C object CMakeFiles/tutorial_interfaces__rosidl_generator_c.dir/rosidl_generator_c/tutorial_interfaces/msg/detail/sphere__functions.c.o\x1b[0m\n'}
[27.146514] (-) TimerEvent: {}
[27.159953] (tutorial_interfaces) StdoutLine: {'line': b'[ 16%] \x1b[32mBuilding C object CMakeFiles/tutorial_interfaces__rosidl_generator_c.dir/rosidl_generator_c/tutorial_interfaces/msg/detail/sphere__type_support.c.o\x1b[0m\n'}
[27.253492] (-) TimerEvent: {}
[27.335078] (tutorial_interfaces) StdoutLine: {'line': b'[ 18%] \x1b[32mBuilding C object CMakeFiles/tutorial_interfaces__rosidl_generator_c.dir/rosidl_generator_c/tutorial_interfaces/srv/detail/add_three_ints__description.c.o\x1b[0m\n'}
[27.355613] (-) TimerEvent: {}
[27.398843] (tutorial_interfaces) StdoutLine: {'line': b'[ 20%] \x1b[32mBuilding C object CMakeFiles/tutorial_interfaces__rosidl_generator_c.dir/rosidl_generator_c/tutorial_interfaces/srv/detail/add_three_ints__functions.c.o\x1b[0m\n'}
[27.455813] (-) TimerEvent: {}
[27.560972] (-) TimerEvent: {}
[27.647693] (arduino_interfaces) StdoutLine: {'line': b'[ 34%] \x1b[32mBuilding CXX object CMakeFiles/arduino_interfaces__rosidl_typesupport_c.dir/rosidl_typesupport_c/arduino_interfaces/msg/num__type_support.cpp.o\x1b[0m\n'}
[27.655957] (tutorial_interfaces) StdoutLine: {'line': b'[ 22%] \x1b[32mBuilding C object CMakeFiles/tutorial_interfaces__rosidl_generator_c.dir/rosidl_generator_c/tutorial_interfaces/srv/detail/add_three_ints__type_support.c.o\x1b[0m\n'}
[27.663654] (-) TimerEvent: {}
[27.765117] (-) TimerEvent: {}
[27.869523] (-) TimerEvent: {}
[27.950228] (arduino_interfaces) StdoutLine: {'line': b'[ 36%] \x1b[32mBuilding C object CMakeFiles/arduino_interfaces__rosidl_typesupport_introspection_c.dir/rosidl_typesupport_introspection_c/arduino_interfaces/msg/detail/num__type_support.c.o\x1b[0m\n'}
[27.969686] (-) TimerEvent: {}
[28.070810] (-) TimerEvent: {}
[28.121065] (tutorial_interfaces) StdoutLine: {'line': b'[ 24%] \x1b[32m\x1b[1mLinking C shared library libtutorial_interfaces__rosidl_generator_c.so\x1b[0m\n'}
[28.171592] (-) TimerEvent: {}
[28.261736] (arduino_interfaces) StdoutLine: {'line': b'[ 38%] \x1b[32mBuilding C object CMakeFiles/arduino_interfaces__rosidl_typesupport_introspection_c.dir/rosidl_typesupport_introspection_c/arduino_interfaces/srv/detail/set_stepper_motor_positions__type_support.c.o\x1b[0m\n'}
[28.275623] (-) TimerEvent: {}
[28.284559] (arduino_interfaces) StdoutLine: {'line': b'[ 40%] \x1b[32mBuilding CXX object CMakeFiles/arduino_interfaces__rosidl_typesupport_c.dir/rosidl_typesupport_c/arduino_interfaces/srv/set_stepper_motor_positions__type_support.cpp.o\x1b[0m\n'}
[28.375943] (-) TimerEvent: {}
[28.477274] (-) TimerEvent: {}
[28.524667] (tutorial_interfaces) StdoutLine: {'line': b'[ 24%] Built target tutorial_interfaces__rosidl_generator_c\n'}
[28.527773] (arduino_interfaces) StdoutLine: {'line': b'[ 43%] \x1b[32mBuilding CXX object CMakeFiles/arduino_interfaces__rosidl_typesupport_fastrtps_cpp.dir/rosidl_typesupport_fastrtps_cpp/arduino_interfaces/msg/detail/dds_fastrtps/num__type_support.cpp.o\x1b[0m\n'}
[28.572503] (arduino_interfaces) StdoutLine: {'line': b'[ 45%] \x1b[32mBuilding CXX object CMakeFiles/arduino_interfaces__rosidl_typesupport_fastrtps_c.dir/rosidl_typesupport_fastrtps_c/arduino_interfaces/msg/detail/num__type_support_c.cpp.o\x1b[0m\n'}
[28.577755] (-) TimerEvent: {}
[28.620702] (tutorial_interfaces) StdoutLine: {'line': b'[ 25%] \x1b[34m\x1b[1mGenerating C++ type support for eProsima Fast-RTPS\x1b[0m\n'}
[28.624717] (tutorial_interfaces) StdoutLine: {'line': b'[ 27%] \x1b[34m\x1b[1mGenerating C type support dispatch for ROS interfaces\x1b[0m\n'}
[28.630057] (tutorial_interfaces) StdoutLine: {'line': b'[ 29%] \x1b[34m\x1b[1mGenerating C type support for eProsima Fast-RTPS\x1b[0m\n'}
[28.651565] (tutorial_interfaces) StdoutLine: {'line': b'[ 31%] \x1b[34m\x1b[1mGenerating C introspection for ROS interfaces\x1b[0m\n'}
[28.677990] (-) TimerEvent: {}
[28.737500] (arduino_interfaces) StdoutLine: {'line': b'[ 47%] \x1b[32m\x1b[1mLinking CXX shared library libarduino_interfaces__rosidl_typesupport_c.so\x1b[0m\n'}
[28.738444] (arduino_interfaces) StdoutLine: {'line': b'[ 50%] \x1b[32m\x1b[1mLinking C shared library libarduino_interfaces__rosidl_typesupport_introspection_c.so\x1b[0m\n'}
[28.781529] (-) TimerEvent: {}
[28.882534] (-) TimerEvent: {}
[28.985736] (-) TimerEvent: {}
[29.079737] (arduino_interfaces) StdoutLine: {'line': b'[ 50%] Built target arduino_interfaces__rosidl_typesupport_introspection_c\n'}
[29.093504] (-) TimerEvent: {}
[29.196535] (arduino_interfaces) StdoutLine: {'line': b'[ 52%] \x1b[34m\x1b[1mGenerating C++ introspection for ROS interfaces\x1b[0m\n'}
[29.197317] (-) TimerEvent: {}
[29.300396] (-) TimerEvent: {}
[29.306639] (arduino_interfaces) StdoutLine: {'line': b'[ 52%] Built target arduino_interfaces__rosidl_typesupport_c\n'}
[29.403634] (-) TimerEvent: {}
[29.444586] (arduino_interfaces) StdoutLine: {'line': b'[ 54%] \x1b[34m\x1b[1mGenerating C++ type support dispatch for ROS interfaces\x1b[0m\n'}
[29.503794] (-) TimerEvent: {}
[29.608999] (-) TimerEvent: {}
[29.712494] (-) TimerEvent: {}
[29.813474] (-) TimerEvent: {}
[29.919499] (-) TimerEvent: {}
[30.020860] (-) TimerEvent: {}
[30.127559] (-) TimerEvent: {}
[30.229569] (-) TimerEvent: {}
[30.337540] (-) TimerEvent: {}
[30.442496] (-) TimerEvent: {}
[30.543226] (-) TimerEvent: {}
[30.632146] (tutorial_interfaces) StdoutLine: {'line': b'[ 33%] \x1b[32mBuilding CXX object CMakeFiles/tutorial_interfaces__rosidl_typesupport_c.dir/rosidl_typesupport_c/tutorial_interfaces/msg/num__type_support.cpp.o\x1b[0m\n'}
[30.643517] (-) TimerEvent: {}
[30.746225] (-) TimerEvent: {}
[30.850575] (-) TimerEvent: {}
[30.925644] (tutorial_interfaces) StdoutLine: {'line': b'[ 35%] \x1b[32mBuilding CXX object CMakeFiles/tutorial_interfaces__rosidl_typesupport_c.dir/rosidl_typesupport_c/tutorial_interfaces/msg/sphere__type_support.cpp.o\x1b[0m\n'}
[30.952497] (-) TimerEvent: {}
[31.055568] (-) TimerEvent: {}
[31.159520] (-) TimerEvent: {}
[31.262543] (-) TimerEvent: {}
[31.366529] (-) TimerEvent: {}
[31.444661] (tutorial_interfaces) StdoutLine: {'line': b'[ 37%] \x1b[32mBuilding CXX object CMakeFiles/tutorial_interfaces__rosidl_typesupport_c.dir/rosidl_typesupport_c/tutorial_interfaces/srv/add_three_ints__type_support.cpp.o\x1b[0m\n'}
[31.468660] (-) TimerEvent: {}
[31.570575] (-) TimerEvent: {}
[31.672625] (-) TimerEvent: {}
[31.779545] (-) TimerEvent: {}
[31.880482] (-) TimerEvent: {}
[31.953670] (tutorial_interfaces) StdoutLine: {'line': b'[ 38%] \x1b[32mBuilding CXX object CMakeFiles/tutorial_interfaces__rosidl_typesupport_fastrtps_c.dir/rosidl_typesupport_fastrtps_c/tutorial_interfaces/msg/detail/num__type_support_c.cpp.o\x1b[0m\n'}
[31.986483] (-) TimerEvent: {}
[32.087268] (-) TimerEvent: {}
[32.112637] (tutorial_interfaces) StdoutLine: {'line': b'[ 40%] \x1b[32m\x1b[1mLinking CXX shared library libtutorial_interfaces__rosidl_typesupport_c.so\x1b[0m\n'}
[32.189618] (-) TimerEvent: {}
[32.295805] (-) TimerEvent: {}
[32.403592] (-) TimerEvent: {}
[32.504832] (-) TimerEvent: {}
[32.611919] (-) TimerEvent: {}
[32.724594] (-) TimerEvent: {}
[32.733589] (arduino_interfaces) StdoutLine: {'line': b'[ 56%] \x1b[32mBuilding CXX object CMakeFiles/arduino_interfaces__rosidl_typesupport_cpp.dir/rosidl_typesupport_cpp/arduino_interfaces/msg/num__type_support.cpp.o\x1b[0m\n'}
[32.755778] (tutorial_interfaces) StdoutLine: {'line': b'[ 40%] Built target tutorial_interfaces__rosidl_typesupport_c\n'}
[32.825756] (-) TimerEvent: {}
[32.910594] (tutorial_interfaces) StdoutLine: {'line': b'[ 42%] \x1b[34m\x1b[1mGenerating C++ introspection for ROS interfaces\x1b[0m\n'}
[32.928512] (-) TimerEvent: {}
[33.032140] (-) TimerEvent: {}
[33.051644] (tutorial_interfaces) StdoutLine: {'line': b'[ 44%] \x1b[32mBuilding C object CMakeFiles/tutorial_interfaces__rosidl_typesupport_introspection_c.dir/rosidl_typesupport_introspection_c/tutorial_interfaces/msg/detail/num__type_support.c.o\x1b[0m\n'}
[33.133502] (-) TimerEvent: {}
[33.237546] (-) TimerEvent: {}
[33.275508] (arduino_interfaces) StdoutLine: {'line': b'[ 59%] \x1b[32mBuilding CXX object CMakeFiles/arduino_interfaces__rosidl_typesupport_introspection_cpp.dir/rosidl_typesupport_introspection_cpp/arduino_interfaces/msg/detail/num__type_support.cpp.o\x1b[0m\n'}
[33.342572] (-) TimerEvent: {}
[33.443627] (-) TimerEvent: {}
[33.549715] (tutorial_interfaces) StdoutLine: {'line': b'[ 46%] \x1b[32mBuilding C object CMakeFiles/tutorial_interfaces__rosidl_typesupport_introspection_c.dir/rosidl_typesupport_introspection_c/tutorial_interfaces/msg/detail/sphere__type_support.c.o\x1b[0m\n'}
[33.550498] (-) TimerEvent: {}
[33.653514] (-) TimerEvent: {}
[33.756596] (-) TimerEvent: {}
[33.827527] (tutorial_interfaces) StdoutLine: {'line': b'[ 48%] \x1b[32mBuilding CXX object CMakeFiles/tutorial_interfaces__rosidl_typesupport_fastrtps_cpp.dir/rosidl_typesupport_fastrtps_cpp/tutorial_interfaces/msg/detail/dds_fastrtps/num__type_support.cpp.o\x1b[0m\n'}
[33.856810] (-) TimerEvent: {}
[33.959772] (-) TimerEvent: {}
[34.063522] (-) TimerEvent: {}
[34.102529] (tutorial_interfaces) StdoutLine: {'line': b'[ 50%] \x1b[32mBuilding C object CMakeFiles/tutorial_interfaces__rosidl_typesupport_introspection_c.dir/rosidl_typesupport_introspection_c/tutorial_interfaces/srv/detail/add_three_ints__type_support.c.o\x1b[0m\n'}
[34.166517] (-) TimerEvent: {}
[34.268497] (-) TimerEvent: {}
[34.369203] (-) TimerEvent: {}
[34.477932] (-) TimerEvent: {}
[34.578909] (-) TimerEvent: {}
[34.687572] (-) TimerEvent: {}
[34.794566] (-) TimerEvent: {}
[34.895633] (-) TimerEvent: {}
[34.976590] (tutorial_interfaces) StdoutLine: {'line': b'[ 51%] \x1b[32m\x1b[1mLinking C shared library libtutorial_interfaces__rosidl_typesupport_introspection_c.so\x1b[0m\n'}
[34.995874] (-) TimerEvent: {}
[35.100144] (-) TimerEvent: {}
[35.204136] (-) TimerEvent: {}
[35.308543] (-) TimerEvent: {}
[35.409931] (-) TimerEvent: {}
[35.456976] (tutorial_interfaces) StdoutLine: {'line': b'[ 53%] \x1b[32mBuilding CXX object CMakeFiles/tutorial_interfaces__rosidl_typesupport_introspection_cpp.dir/rosidl_typesupport_introspection_cpp/tutorial_interfaces/msg/detail/num__type_support.cpp.o\x1b[0m\n'}
[35.493812] (tutorial_interfaces) StdoutLine: {'line': b'[ 53%] Built target tutorial_interfaces__rosidl_typesupport_introspection_c\n'}
[35.512592] (-) TimerEvent: {}
[35.620521] (-) TimerEvent: {}
[35.696778] (tutorial_interfaces) StdoutLine: {'line': b'[ 55%] \x1b[32mBuilding CXX object CMakeFiles/tutorial_interfaces__rosidl_typesupport_introspection_cpp.dir/rosidl_typesupport_introspection_cpp/tutorial_interfaces/msg/detail/sphere__type_support.cpp.o\x1b[0m\n'}
[35.720847] (-) TimerEvent: {}
[35.830583] (-) TimerEvent: {}
[35.932514] (-) TimerEvent: {}
[36.036804] (-) TimerEvent: {}
[36.156620] (-) TimerEvent: {}
[36.273638] (-) TimerEvent: {}
[36.375688] (arduino_interfaces) StdoutLine: {'line': b'[ 61%] \x1b[32mBuilding CXX object CMakeFiles/arduino_interfaces__rosidl_typesupport_fastrtps_cpp.dir/rosidl_typesupport_fastrtps_cpp/arduino_interfaces/srv/detail/dds_fastrtps/set_stepper_motor_positions__type_support.cpp.o\x1b[0m\n'}
[36.377043] (-) TimerEvent: {}
[36.483615] (-) TimerEvent: {}
[36.585159] (-) TimerEvent: {}
[36.687777] (-) TimerEvent: {}
[36.788615] (-) TimerEvent: {}
[36.892556] (-) TimerEvent: {}
[36.953490] (arduino_interfaces) StdoutLine: {'line': b'[ 63%] \x1b[32mBuilding CXX object CMakeFiles/arduino_interfaces__rosidl_typesupport_fastrtps_c.dir/rosidl_typesupport_fastrtps_c/arduino_interfaces/srv/detail/set_stepper_motor_positions__type_support_c.cpp.o\x1b[0m\n'}
[36.995564] (-) TimerEvent: {}
[37.100511] (-) TimerEvent: {}
[37.203592] (-) TimerEvent: {}
[37.313584] (-) TimerEvent: {}
[37.358507] (tutorial_interfaces) StdoutLine: {'line': b'[ 57%] \x1b[32mBuilding CXX object CMakeFiles/tutorial_interfaces__rosidl_typesupport_fastrtps_c.dir/rosidl_typesupport_fastrtps_c/tutorial_interfaces/msg/detail/sphere__type_support_c.cpp.o\x1b[0m\n'}
[37.413811] (-) TimerEvent: {}
[37.454848] (arduino_interfaces) StdoutLine: {'line': b'[ 65%] \x1b[32mBuilding CXX object CMakeFiles/arduino_interfaces__rosidl_typesupport_introspection_cpp.dir/rosidl_typesupport_introspection_cpp/arduino_interfaces/srv/detail/set_stepper_motor_positions__type_support.cpp.o\x1b[0m\n'}
[37.515522] (-) TimerEvent: {}
[37.616437] (-) TimerEvent: {}
[37.723509] (-) TimerEvent: {}
[37.830526] (-) TimerEvent: {}
[37.905707] (arduino_interfaces) StdoutLine: {'line': b'[ 68%] \x1b[32mBuilding CXX object CMakeFiles/arduino_interfaces__rosidl_typesupport_cpp.dir/rosidl_typesupport_cpp/arduino_interfaces/srv/set_stepper_motor_positions__type_support.cpp.o\x1b[0m\n'}
[37.937039] (-) TimerEvent: {}
[38.043548] (-) TimerEvent: {}
[38.144467] (-) TimerEvent: {}
[38.245390] (-) TimerEvent: {}
[38.357538] (-) TimerEvent: {}
[38.460541] (-) TimerEvent: {}
[38.562243] (-) TimerEvent: {}
[38.671529] (-) TimerEvent: {}
[38.772558] (-) TimerEvent: {}
[38.873545] (-) TimerEvent: {}
[38.979532] (-) TimerEvent: {}
[39.080603] (-) TimerEvent: {}
[39.187029] (-) TimerEvent: {}
[39.290544] (-) TimerEvent: {}
[39.393584] (-) TimerEvent: {}
[39.499535] (-) TimerEvent: {}
[39.600567] (-) TimerEvent: {}
[39.708576] (-) TimerEvent: {}
[39.786205] (tutorial_interfaces) StdoutLine: {'line': b'[ 59%] \x1b[32mBuilding CXX object CMakeFiles/tutorial_interfaces__rosidl_typesupport_fastrtps_cpp.dir/rosidl_typesupport_fastrtps_cpp/tutorial_interfaces/msg/detail/dds_fastrtps/sphere__type_support.cpp.o\x1b[0m\n'}
[39.812545] (-) TimerEvent: {}
[39.915528] (-) TimerEvent: {}
[40.021532] (-) TimerEvent: {}
[40.123593] (-) TimerEvent: {}
[40.228603] (-) TimerEvent: {}
[40.329676] (-) TimerEvent: {}
[40.437002] (-) TimerEvent: {}
[40.545527] (-) TimerEvent: {}
[40.646506] (-) TimerEvent: {}
[40.750582] (-) TimerEvent: {}
[40.835758] (tutorial_interfaces) StdoutLine: {'line': b'[ 61%] \x1b[32mBuilding CXX object CMakeFiles/tutorial_interfaces__rosidl_typesupport_introspection_cpp.dir/rosidl_typesupport_introspection_cpp/tutorial_interfaces/srv/detail/add_three_ints__type_support.cpp.o\x1b[0m\n'}
[40.854540] (-) TimerEvent: {}
[40.955552] (-) TimerEvent: {}
[41.057854] (-) TimerEvent: {}
[41.161975] (-) TimerEvent: {}
[41.224718] (tutorial_interfaces) StdoutLine: {'line': b'[ 62%] \x1b[34m\x1b[1mGenerating C++ type support dispatch for ROS interfaces\x1b[0m\n'}
[41.265535] (-) TimerEvent: {}
[41.368576] (-) TimerEvent: {}
[41.469532] (-) TimerEvent: {}
[41.575993] (-) TimerEvent: {}
[41.682548] (-) TimerEvent: {}
[41.735707] (arduino_interfaces) StdoutLine: {'line': b'[ 70%] \x1b[32m\x1b[1mLinking CXX shared library libarduino_interfaces__rosidl_typesupport_introspection_cpp.so\x1b[0m\n'}
[41.786550] (-) TimerEvent: {}
[41.888104] (-) TimerEvent: {}
[41.992604] (-) TimerEvent: {}
[42.097539] (-) TimerEvent: {}
[42.200698] (-) TimerEvent: {}
[42.304530] (-) TimerEvent: {}
[42.407554] (-) TimerEvent: {}
[42.511520] (-) TimerEvent: {}
[42.615522] (-) TimerEvent: {}
[42.716632] (-) TimerEvent: {}
[42.788604] (arduino_interfaces) StdoutLine: {'line': b'[ 70%] Built target arduino_interfaces__rosidl_typesupport_introspection_cpp\n'}
[42.818645] (-) TimerEvent: {}
[42.921585] (-) TimerEvent: {}
[43.025769] (-) TimerEvent: {}
[43.122725] (arduino_interfaces) StdoutLine: {'line': b'[ 72%] \x1b[32m\x1b[1mLinking CXX shared library libarduino_interfaces__rosidl_typesupport_fastrtps_c.so\x1b[0m\n'}
[43.129509] (-) TimerEvent: {}
[43.233533] (-) TimerEvent: {}
[43.336503] (-) TimerEvent: {}
[43.437436] (-) TimerEvent: {}
[43.538292] (-) TimerEvent: {}
[43.641559] (arduino_interfaces) StdoutLine: {'line': b'[ 75%] \x1b[32m\x1b[1mLinking CXX shared library libarduino_interfaces__rosidl_typesupport_cpp.so\x1b[0m\n'}
[43.642692] (-) TimerEvent: {}
[43.749510] (-) TimerEvent: {}
[43.756504] (arduino_interfaces) StdoutLine: {'line': b'[ 75%] Built target arduino_interfaces__rosidl_typesupport_fastrtps_c\n'}
[43.763509] (tutorial_interfaces) StdoutLine: {'line': b'[ 64%] \x1b[32mBuilding CXX object CMakeFiles/tutorial_interfaces__rosidl_typesupport_fastrtps_c.dir/rosidl_typesupport_fastrtps_c/tutorial_interfaces/srv/detail/add_three_ints__type_support_c.cpp.o\x1b[0m\n'}
[43.853549] (-) TimerEvent: {}
[43.954559] (-) TimerEvent: {}
[44.055483] (-) TimerEvent: {}
[44.156315] (-) TimerEvent: {}
[44.259018] (-) TimerEvent: {}
[44.362294] (-) TimerEvent: {}
[44.465470] (-) TimerEvent: {}
[44.481962] (tutorial_interfaces) StdoutLine: {'line': b'[ 66%] \x1b[32mBuilding CXX object CMakeFiles/tutorial_interfaces__rosidl_typesupport_cpp.dir/rosidl_typesupport_cpp/tutorial_interfaces/msg/num__type_support.cpp.o\x1b[0m\n'}
[44.571532] (-) TimerEvent: {}
[44.614721] (arduino_interfaces) StdoutLine: {'line': b'[ 75%] Built target arduino_interfaces__rosidl_typesupport_cpp\n'}
[44.671802] (-) TimerEvent: {}
[44.741701] (arduino_interfaces) StdoutLine: {'line': b'[ 77%] \x1b[32m\x1b[1mLinking CXX shared library libarduino_interfaces__rosidl_typesupport_fastrtps_cpp.so\x1b[0m\n'}
[44.772018] (-) TimerEvent: {}
[44.875893] (-) TimerEvent: {}
[44.977573] (-) TimerEvent: {}
[45.081017] (-) TimerEvent: {}
[45.185566] (-) TimerEvent: {}
[45.286607] (-) TimerEvent: {}
[45.389262] (-) TimerEvent: {}
[45.492906] (-) TimerEvent: {}
[45.506676] (arduino_interfaces) StdoutLine: {'line': b'[ 77%] Built target arduino_interfaces__rosidl_typesupport_fastrtps_cpp\n'}
[45.593172] (-) TimerEvent: {}
[45.688115] (tutorial_interfaces) StdoutLine: {'line': b'[ 68%] \x1b[32m\x1b[1mLinking CXX shared library libtutorial_interfaces__rosidl_typesupport_introspection_cpp.so\x1b[0m\n'}
[45.696574] (-) TimerEvent: {}
[45.742623] (arduino_interfaces) StdoutLine: {'line': b'[ 77%] Built target arduino_interfaces\n'}
[45.799587] (-) TimerEvent: {}
[45.900731] (-) TimerEvent: {}
[45.926530] (arduino_interfaces) StdoutLine: {'line': b'[ 79%] \x1b[34m\x1b[1mGenerating Python code for ROS interfaces\x1b[0m\n'}
[46.006490] (-) TimerEvent: {}
[46.107301] (-) TimerEvent: {}
[46.145667] (tutorial_interfaces) StdoutLine: {'line': b'[ 70%] \x1b[32mBuilding CXX object CMakeFiles/tutorial_interfaces__rosidl_typesupport_fastrtps_cpp.dir/rosidl_typesupport_fastrtps_cpp/tutorial_interfaces/srv/detail/dds_fastrtps/add_three_ints__type_support.cpp.o\x1b[0m\n'}
[46.209582] (-) TimerEvent: {}
[46.312514] (-) TimerEvent: {}
[46.413470] (-) TimerEvent: {}
[46.506716] (tutorial_interfaces) StdoutLine: {'line': b'[ 70%] Built target tutorial_interfaces__rosidl_typesupport_introspection_cpp\n'}
[46.516492] (-) TimerEvent: {}
[46.617277] (-) TimerEvent: {}
[46.634654] (tutorial_interfaces) StdoutLine: {'line': b'[ 72%] \x1b[32mBuilding CXX object CMakeFiles/tutorial_interfaces__rosidl_typesupport_cpp.dir/rosidl_typesupport_cpp/tutorial_interfaces/msg/sphere__type_support.cpp.o\x1b[0m\n'}
[46.720520] (-) TimerEvent: {}
[46.763674] (tutorial_interfaces) StdoutLine: {'line': b'[ 74%] \x1b[32mBuilding CXX object CMakeFiles/tutorial_interfaces__rosidl_typesupport_cpp.dir/rosidl_typesupport_cpp/tutorial_interfaces/srv/add_three_ints__type_support.cpp.o\x1b[0m\n'}
[46.820714] (-) TimerEvent: {}
[46.921519] (-) TimerEvent: {}
[47.025503] (-) TimerEvent: {}
[47.126303] (-) TimerEvent: {}
[47.227370] (-) TimerEvent: {}
[47.332538] (-) TimerEvent: {}
[47.433554] (-) TimerEvent: {}
[47.535574] (-) TimerEvent: {}
[47.640018] (-) TimerEvent: {}
[47.741377] (-) TimerEvent: {}
[47.843964] (-) TimerEvent: {}
[47.949548] (-) TimerEvent: {}
[48.050695] (-) TimerEvent: {}
[48.155573] (-) TimerEvent: {}
[48.256676] (-) TimerEvent: {}
[48.344447] (tutorial_interfaces) StdoutLine: {'line': b'[ 75%] \x1b[32m\x1b[1mLinking CXX shared library libtutorial_interfaces__rosidl_typesupport_fastrtps_c.so\x1b[0m\n'}
[48.357518] (-) TimerEvent: {}
[48.461827] (-) TimerEvent: {}
[48.562756] (-) TimerEvent: {}
[48.665934] (-) TimerEvent: {}
[48.769103] (-) TimerEvent: {}
[48.873979] (-) TimerEvent: {}
[48.974922] (-) TimerEvent: {}
[49.075069] (tutorial_interfaces) StdoutLine: {'line': b'[ 75%] Built target tutorial_interfaces__rosidl_typesupport_fastrtps_c\n'}
[49.076730] (-) TimerEvent: {}
[49.185541] (-) TimerEvent: {}
[49.290611] (-) TimerEvent: {}
[49.391904] (-) TimerEvent: {}
[49.439853] (tutorial_interfaces) StdoutLine: {'line': b'[ 77%] \x1b[32m\x1b[1mLinking CXX shared library libtutorial_interfaces__rosidl_typesupport_cpp.so\x1b[0m\n'}
[49.444495] (arduino_interfaces) StdoutLine: {'line': b'[ 79%] Built target arduino_interfaces__py\n'}
[49.492084] (-) TimerEvent: {}
[49.572545] (arduino_interfaces) StdoutLine: {'line': b'[ 81%] \x1b[32mBuilding C object CMakeFiles/arduino_interfaces__rosidl_generator_py.dir/rosidl_generator_py/arduino_interfaces/msg/_num_s.c.o\x1b[0m\n'}
[49.582598] (arduino_interfaces) StdoutLine: {'line': b'[ 84%] \x1b[32mBuilding C object CMakeFiles/arduino_interfaces__rosidl_generator_py.dir/rosidl_generator_py/arduino_interfaces/srv/_set_stepper_motor_positions_s.c.o\x1b[0m\n'}
[49.594564] (-) TimerEvent: {}
[49.695515] (-) TimerEvent: {}
[49.796485] (-) TimerEvent: {}
[49.867748] (tutorial_interfaces) StdoutLine: {'line': b'[ 77%] Built target tutorial_interfaces__rosidl_typesupport_cpp\n'}
[49.896704] (-) TimerEvent: {}
[49.997950] (-) TimerEvent: {}
[50.098695] (-) TimerEvent: {}
[50.199400] (-) TimerEvent: {}
[50.300525] (-) TimerEvent: {}
[50.403275] (-) TimerEvent: {}
[50.504059] (-) TimerEvent: {}
[50.568289] (arduino_interfaces) StdoutLine: {'line': b'[ 86%] \x1b[32m\x1b[1mLinking C shared library libarduino_interfaces__rosidl_generator_py.so\x1b[0m\n'}
[50.604309] (-) TimerEvent: {}
[50.677993] (tutorial_interfaces) StdoutLine: {'line': b'[ 79%] \x1b[32m\x1b[1mLinking CXX shared library libtutorial_interfaces__rosidl_typesupport_fastrtps_cpp.so\x1b[0m\n'}
[50.704537] (-) TimerEvent: {}
[50.805795] (-) TimerEvent: {}
[50.808768] (arduino_interfaces) StdoutLine: {'line': b'[ 86%] Built target arduino_interfaces__rosidl_generator_py\n'}
[50.908695] (-) TimerEvent: {}
[50.959714] (arduino_interfaces) StdoutLine: {'line': b'[ 93%] \x1b[32mBuilding C object CMakeFiles/arduino_interfaces_s__rosidl_typesupport_fastrtps_c.dir/rosidl_generator_py/arduino_interfaces/_arduino_interfaces_s.ep.rosidl_typesupport_fastrtps_c.c.o\x1b[0m\n'}
[50.961018] (arduino_interfaces) StdoutLine: {'line': b'[ 93%] \x1b[32mBuilding C object CMakeFiles/arduino_interfaces_s__rosidl_typesupport_c.dir/rosidl_generator_py/arduino_interfaces/_arduino_interfaces_s.ep.rosidl_typesupport_c.c.o\x1b[0m\n'}
[50.965557] (arduino_interfaces) StdoutLine: {'line': b'[ 93%] \x1b[32mBuilding C object CMakeFiles/arduino_interfaces_s__rosidl_typesupport_introspection_c.dir/rosidl_generator_py/arduino_interfaces/_arduino_interfaces_s.ep.rosidl_typesupport_introspection_c.c.o\x1b[0m\n'}
[51.012568] (-) TimerEvent: {}
[51.120552] (tutorial_interfaces) StdoutLine: {'line': b'[ 79%] Built target tutorial_interfaces__rosidl_typesupport_fastrtps_cpp\n'}
[51.121603] (-) TimerEvent: {}
[51.225449] (-) TimerEvent: {}
[51.237662] (tutorial_interfaces) StdoutLine: {'line': b'[ 79%] Built target tutorial_interfaces\n'}
[51.328547] (-) TimerEvent: {}
[51.367968] (tutorial_interfaces) StdoutLine: {'line': b'[ 81%] \x1b[34m\x1b[1mGenerating Python code for ROS interfaces\x1b[0m\n'}
[51.431490] (-) TimerEvent: {}
[51.532729] (-) TimerEvent: {}
[51.622452] (arduino_interfaces) StdoutLine: {'line': b'[ 95%] \x1b[32m\x1b[1mLinking C shared module rosidl_generator_py/arduino_interfaces/arduino_interfaces_s__rosidl_typesupport_introspection_c.so\x1b[0m\n'}
[51.633717] (-) TimerEvent: {}
[51.641019] (arduino_interfaces) StdoutLine: {'line': b'[ 97%] \x1b[32m\x1b[1mLinking C shared module rosidl_generator_py/arduino_interfaces/arduino_interfaces_s__rosidl_typesupport_c.so\x1b[0m\n'}
[51.713516] (arduino_interfaces) StdoutLine: {'line': b'[100%] \x1b[32m\x1b[1mLinking C shared module rosidl_generator_py/arduino_interfaces/arduino_interfaces_s__rosidl_typesupport_fastrtps_c.so\x1b[0m\n'}
[51.734021] (-) TimerEvent: {}
[51.837929] (arduino_interfaces) StdoutLine: {'line': b'[100%] Built target arduino_interfaces_s__rosidl_typesupport_introspection_c\n'}
[51.838715] (-) TimerEvent: {}
[51.851834] (arduino_interfaces) StdoutLine: {'line': b'[100%] Built target arduino_interfaces_s__rosidl_typesupport_c\n'}
[51.912081] (arduino_interfaces) StdoutLine: {'line': b'[100%] Built target arduino_interfaces_s__rosidl_typesupport_fastrtps_c\n'}
[51.938960] (-) TimerEvent: {}
[51.972993] (arduino_interfaces) CommandEnded: {'returncode': 0}
[51.975107] (arduino_interfaces) JobProgress: {'identifier': 'arduino_interfaces', 'progress': 'install'}
[52.021597] (arduino_interfaces) Command: {'cmd': ['/usr/bin/cmake', '--install', '/home/ras/DUM-E_ROSCode/ros2_ws/build/arduino_interfaces'], 'cwd': '/home/ras/DUM-E_ROSCode/ros2_ws/build/arduino_interfaces', 'env': OrderedDict({'LESSOPEN': '| /usr/bin/lesspipe %s', 'USER': 'ras', 'SSH_CLIENT': '145.93.117.102 55360 22', 'LC_TIME': 'nl_NL.UTF-8', 'XDG_SESSION_TYPE': 'tty', 'SHLVL': '1', 'LD_LIBRARY_PATH': '/opt/ros/jazzy/opt/rviz_ogre_vendor/lib:/opt/ros/jazzy/lib/aarch64-linux-gnu:/opt/ros/jazzy/opt/gz_math_vendor/lib:/opt/ros/jazzy/opt/gz_utils_vendor/lib:/opt/ros/jazzy/opt/gz_cmake_vendor/lib:/opt/ros/jazzy/lib', 'HOME': '/home/ras', 'OLDPWD': '/home/ras/DUM-E_ROSCode', 'SSH_TTY': '/dev/pts/3', 'ROS_PYTHON_VERSION': '3', 'LC_MONETARY': 'nl_NL.UTF-8', 'DBUS_SESSION_BUS_ADDRESS': 'unix:path=/run/user/1002/bus', 'DEBUGINFOD_URLS': 'https://debuginfod.ubuntu.com', 'ROS_DISTRO': 'jazzy', 'LOGNAME': 'ras', '_': '/usr/bin/colcon', 'ROS_VERSION': '2', 'XDG_SESSION_CLASS': 'user', 'TERM': 'xterm-256color', 'XDG_SESSION_ID': '28', 'PATH': '/opt/ros/jazzy/bin:/home/ras/.local/bin:/usr/local/sbin:/usr/local/bin:/usr/sbin:/usr/bin:/sbin:/bin:/usr/games:/usr/local/games:/snap/bin', 'LC_ADDRESS': 'nl_NL.UTF-8', 'XDG_RUNTIME_DIR': '/run/user/1002', 'LANG': 'C.UTF-8', 'LC_TELEPHONE': 'nl_NL.UTF-8', 'LS_COLORS': 'rs=0:di=01;34:ln=01;36:mh=00:pi=40;33:so=01;35:do=01;35:bd=40;33;01:cd=40;33;01:or=40;31;01:mi=00:su=37;41:sg=30;43:ca=00:tw=30;42:ow=34;42:st=37;44:ex=01;32:*.tar=01;31:*.tgz=01;31:*.arc=01;31:*.arj=01;31:*.taz=01;31:*.lha=01;31:*.lz4=01;31:*.lzh=01;31:*.lzma=01;31:*.tlz=01;31:*.txz=01;31:*.tzo=01;31:*.t7z=01;31:*.zip=01;31:*.z=01;31:*.dz=01;31:*.gz=01;31:*.lrz=01;31:*.lz=01;31:*.lzo=01;31:*.xz=01;31:*.zst=01;31:*.tzst=01;31:*.bz2=01;31:*.bz=01;31:*.tbz=01;31:*.tbz2=01;31:*.tz=01;31:*.deb=01;31:*.rpm=01;31:*.jar=01;31:*.war=01;31:*.ear=01;31:*.sar=01;31:*.rar=01;31:*.alz=01;31:*.ace=01;31:*.zoo=01;31:*.cpio=01;31:*.7z=01;31:*.rz=01;31:*.cab=01;31:*.wim=01;31:*.swm=01;31:*.dwm=01;31:*.esd=01;31:*.avif=01;35:*.jpg=01;35:*.jpeg=01;35:*.mjpg=01;35:*.mjpeg=01;35:*.gif=01;35:*.bmp=01;35:*.pbm=01;35:*.pgm=01;35:*.ppm=01;35:*.tga=01;35:*.xbm=01;35:*.xpm=01;35:*.tif=01;35:*.tiff=01;35:*.png=01;35:*.svg=01;35:*.svgz=01;35:*.mng=01;35:*.pcx=01;35:*.mov=01;35:*.mpg=01;35:*.mpeg=01;35:*.m2v=01;35:*.mkv=01;35:*.webm=01;35:*.webp=01;35:*.ogm=01;35:*.mp4=01;35:*.m4v=01;35:*.mp4v=01;35:*.vob=01;35:*.qt=01;35:*.nuv=01;35:*.wmv=01;35:*.asf=01;35:*.rm=01;35:*.rmvb=01;35:*.flc=01;35:*.avi=01;35:*.fli=01;35:*.flv=01;35:*.gl=01;35:*.dl=01;35:*.xcf=01;35:*.xwd=01;35:*.yuv=01;35:*.cgm=01;35:*.emf=01;35:*.ogv=01;35:*.ogx=01;35:*.aac=00;36:*.au=00;36:*.flac=00;36:*.m4a=00;36:*.mid=00;36:*.midi=00;36:*.mka=00;36:*.mp3=00;36:*.mpc=00;36:*.ogg=00;36:*.ra=00;36:*.wav=00;36:*.oga=00;36:*.opus=00;36:*.spx=00;36:*.xspf=00;36:*~=00;90:*#=00;90:*.bak=00;90:*.crdownload=00;90:*.dpkg-dist=00;90:*.dpkg-new=00;90:*.dpkg-old=00;90:*.dpkg-tmp=00;90:*.old=00;90:*.orig=00;90:*.part=00;90:*.rej=00;90:*.rpmnew=00;90:*.rpmorig=00;90:*.rpmsave=00;90:*.swp=00;90:*.tmp=00;90:*.ucf-dist=00;90:*.ucf-new=00;90:*.ucf-old=00;90:', 'AMENT_PREFIX_PATH': '/opt/ros/jazzy', 'SHELL': '/bin/bash', 'LC_NAME': 'nl_NL.UTF-8', 'LESSCLOSE': '/usr/bin/lesspipe %s %s', 'LC_MEASUREMENT': 'nl_NL.UTF-8', 'LC_IDENTIFICATION': 'nl_NL.UTF-8', 'ROS_AUTOMATIC_DISCOVERY_RANGE': 'SUBNET', 'PWD': '/home/ras/DUM-E_ROSCode/ros2_ws/build/arduino_interfaces', 'LC_ALL': 'en_US.UTF-8', 'SSH_CONNECTION': '145.93.117.102 55360 145.93.236.46 22', 'XDG_DATA_DIRS': '/usr/share/gnome:/usr/local/share:/usr/share:/var/lib/snapd/desktop', 'PYTHONPATH': '/opt/ros/jazzy/lib/python3.12/site-packages', 'LC_NUMERIC': 'nl_NL.UTF-8', 'LC_PAPER': 'nl_NL.UTF-8', 'COLCON': '1', 'CMAKE_PREFIX_PATH': '/opt/ros/jazzy/opt/gz_math_vendor:/opt/ros/jazzy/opt/gz_utils_vendor:/opt/ros/jazzy/opt/gz_cmake_vendor:/opt/ros/jazzy'}), 'shell': False}
[52.039118] (-) TimerEvent: {}
[52.063699] (arduino_interfaces) StdoutLine: {'line': b'-- Install configuration: ""\n'}
[52.065125] (arduino_interfaces) StdoutLine: {'line': b'-- Installing: /home/ras/DUM-E_ROSCode/ros2_ws/install/arduino_interfaces/share/ament_index/resource_index/rosidl_interfaces/arduino_interfaces\n'}
[52.067297] (arduino_interfaces) StdoutLine: {'line': b'-- Installing: /home/ras/DUM-E_ROSCode/ros2_ws/install/arduino_interfaces/share/arduino_interfaces/msg/Num.json\n'}
[52.068823] (arduino_interfaces) StdoutLine: {'line': b'-- Installing: /home/ras/DUM-E_ROSCode/ros2_ws/install/arduino_interfaces/share/arduino_interfaces/srv/SetStepperMotorPositions.json\n'}
[52.070241] (arduino_interfaces) StdoutLine: {'line': b'-- Installing: /home/ras/DUM-E_ROSCode/ros2_ws/install/arduino_interfaces/include/arduino_interfaces/arduino_interfaces\n'}
[52.071774] (arduino_interfaces) StdoutLine: {'line': b'-- Installing: /home/ras/DUM-E_ROSCode/ros2_ws/install/arduino_interfaces/include/arduino_interfaces/arduino_interfaces/srv\n'}
[52.072452] (arduino_interfaces) StdoutLine: {'line': b'-- Installing: /home/ras/DUM-E_ROSCode/ros2_ws/install/arduino_interfaces/include/arduino_interfaces/arduino_interfaces/srv/detail\n'}
[52.073386] (arduino_interfaces) StdoutLine: {'line': b'-- Installing: /home/ras/DUM-E_ROSCode/ros2_ws/install/arduino_interfaces/include/arduino_interfaces/arduino_interfaces/srv/detail/set_stepper_motor_positions__functions.h\n'}
[52.075097] (arduino_interfaces) StdoutLine: {'line': b'-- Installing: /home/ras/DUM-E_ROSCode/ros2_ws/install/arduino_interfaces/include/arduino_interfaces/arduino_interfaces/srv/detail/set_stepper_motor_positions__struct.h\n'}
[52.076446] (arduino_interfaces) StdoutLine: {'line': b'-- Installing: /home/ras/DUM-E_ROSCode/ros2_ws/install/arduino_interfaces/include/arduino_interfaces/arduino_interfaces/srv/detail/set_stepper_motor_positions__type_support.h\n'}
[52.077843] (arduino_interfaces) StdoutLine: {'line': b'-- Installing: /home/ras/DUM-E_ROSCode/ros2_ws/install/arduino_interfaces/include/arduino_interfaces/arduino_interfaces/srv/detail/set_stepper_motor_positions__description.c\n'}
[52.079365] (arduino_interfaces) StdoutLine: {'line': b'-- Installing: /home/ras/DUM-E_ROSCode/ros2_ws/install/arduino_interfaces/include/arduino_interfaces/arduino_interfaces/srv/detail/set_stepper_motor_positions__type_support.c\n'}
[52.080650] (arduino_interfaces) StdoutLine: {'line': b'-- Installing: /home/ras/DUM-E_ROSCode/ros2_ws/install/arduino_interfaces/include/arduino_interfaces/arduino_interfaces/srv/detail/set_stepper_motor_positions__functions.c\n'}
[52.082147] (arduino_interfaces) StdoutLine: {'line': b'-- Installing: /home/ras/DUM-E_ROSCode/ros2_ws/install/arduino_interfaces/include/arduino_interfaces/arduino_interfaces/srv/set_stepper_motor_positions.h\n'}
[52.083347] (arduino_interfaces) StdoutLine: {'line': b'-- Installing: /home/ras/DUM-E_ROSCode/ros2_ws/install/arduino_interfaces/include/arduino_interfaces/arduino_interfaces/msg\n'}
[52.084172] (arduino_interfaces) StdoutLine: {'line': b'-- Installing: /home/ras/DUM-E_ROSCode/ros2_ws/install/arduino_interfaces/include/arduino_interfaces/arduino_interfaces/msg/rosidl_generator_c__visibility_control.h\n'}
[52.085434] (arduino_interfaces) StdoutLine: {'line': b'-- Installing: /home/ras/DUM-E_ROSCode/ros2_ws/install/arduino_interfaces/include/arduino_interfaces/arduino_interfaces/msg/detail\n'}
[52.086254] (arduino_interfaces) StdoutLine: {'line': b'-- Installing: /home/ras/DUM-E_ROSCode/ros2_ws/install/arduino_interfaces/include/arduino_interfaces/arduino_interfaces/msg/detail/num__struct.h\n'}
[52.087456] (arduino_interfaces) StdoutLine: {'line': b'-- Installing: /home/ras/DUM-E_ROSCode/ros2_ws/install/arduino_interfaces/include/arduino_interfaces/arduino_interfaces/msg/detail/num__functions.h\n'}
[52.088713] (arduino_interfaces) StdoutLine: {'line': b'-- Installing: /home/ras/DUM-E_ROSCode/ros2_ws/install/arduino_interfaces/include/arduino_interfaces/arduino_interfaces/msg/detail/num__type_support.h\n'}
[52.089928] (arduino_interfaces) StdoutLine: {'line': b'-- Installing: /home/ras/DUM-E_ROSCode/ros2_ws/install/arduino_interfaces/include/arduino_interfaces/arduino_interfaces/msg/detail/num__functions.c\n'}
[52.091177] (arduino_interfaces) StdoutLine: {'line': b'-- Installing: /home/ras/DUM-E_ROSCode/ros2_ws/install/arduino_interfaces/include/arduino_interfaces/arduino_interfaces/msg/detail/num__description.c\n'}
[52.092418] (arduino_interfaces) StdoutLine: {'line': b'-- Installing: /home/ras/DUM-E_ROSCode/ros2_ws/install/arduino_interfaces/include/arduino_interfaces/arduino_interfaces/msg/detail/num__type_support.c\n'}
[52.094367] (arduino_interfaces) StdoutLine: {'line': b'-- Installing: /home/ras/DUM-E_ROSCode/ros2_ws/install/arduino_interfaces/include/arduino_interfaces/arduino_interfaces/msg/num.h\n'}
[52.095645] (arduino_interfaces) StdoutLine: {'line': b'-- Installing: /home/ras/DUM-E_ROSCode/ros2_ws/install/arduino_interfaces/share/arduino_interfaces/environment/library_path.sh\n'}
[52.097073] (arduino_interfaces) StdoutLine: {'line': b'-- Installing: /home/ras/DUM-E_ROSCode/ros2_ws/install/arduino_interfaces/share/arduino_interfaces/environment/library_path.dsv\n'}
[52.098906] (arduino_interfaces) StdoutLine: {'line': b'-- Installing: /home/ras/DUM-E_ROSCode/ros2_ws/install/arduino_interfaces/lib/libarduino_interfaces__rosidl_generator_c.so\n'}
[52.102892] (arduino_interfaces) StdoutLine: {'line': b'-- Set non-toolchain portion of runtime path of "/home/ras/DUM-E_ROSCode/ros2_ws/install/arduino_interfaces/lib/libarduino_interfaces__rosidl_generator_c.so" to ""\n'}
[52.103598] (arduino_interfaces) StdoutLine: {'line': b'-- Up-to-date: /home/ras/DUM-E_ROSCode/ros2_ws/install/arduino_interfaces/include/arduino_interfaces/arduino_interfaces\n'}
[52.104543] (arduino_interfaces) StdoutLine: {'line': b'-- Up-to-date: /home/ras/DUM-E_ROSCode/ros2_ws/install/arduino_interfaces/include/arduino_interfaces/arduino_interfaces/srv\n'}
[52.104997] (arduino_interfaces) StdoutLine: {'line': b'-- Up-to-date: /home/ras/DUM-E_ROSCode/ros2_ws/install/arduino_interfaces/include/arduino_interfaces/arduino_interfaces/srv/detail\n'}
[52.105404] (arduino_interfaces) StdoutLine: {'line': b'-- Installing: /home/ras/DUM-E_ROSCode/ros2_ws/install/arduino_interfaces/include/arduino_interfaces/arduino_interfaces/srv/detail/set_stepper_motor_positions__rosidl_typesupport_fastrtps_c.h\n'}
[52.105934] (arduino_interfaces) StdoutLine: {'line': b'-- Up-to-date: /home/ras/DUM-E_ROSCode/ros2_ws/install/arduino_interfaces/include/arduino_interfaces/arduino_interfaces/msg\n'}
[52.106556] (arduino_interfaces) StdoutLine: {'line': b'-- Installing: /home/ras/DUM-E_ROSCode/ros2_ws/install/arduino_interfaces/include/arduino_interfaces/arduino_interfaces/msg/rosidl_typesupport_fastrtps_c__visibility_control.h\n'}
[52.107821] (arduino_interfaces) StdoutLine: {'line': b'-- Up-to-date: /home/ras/DUM-E_ROSCode/ros2_ws/install/arduino_interfaces/include/arduino_interfaces/arduino_interfaces/msg/detail\n'}
[52.108418] (arduino_interfaces) StdoutLine: {'line': b'-- Installing: /home/ras/DUM-E_ROSCode/ros2_ws/install/arduino_interfaces/include/arduino_interfaces/arduino_interfaces/msg/detail/num__rosidl_typesupport_fastrtps_c.h\n'}
[52.109973] (arduino_interfaces) StdoutLine: {'line': b'-- Installing: /home/ras/DUM-E_ROSCode/ros2_ws/install/arduino_interfaces/lib/libarduino_interfaces__rosidl_typesupport_fastrtps_c.so\n'}
[52.114308] (arduino_interfaces) StdoutLine: {'line': b'-- Set non-toolchain portion of runtime path of "/home/ras/DUM-E_ROSCode/ros2_ws/install/arduino_interfaces/lib/libarduino_interfaces__rosidl_typesupport_fastrtps_c.so" to ""\n'}
[52.115013] (arduino_interfaces) StdoutLine: {'line': b'-- Up-to-date: /home/ras/DUM-E_ROSCode/ros2_ws/install/arduino_interfaces/include/arduino_interfaces/arduino_interfaces\n'}
[52.115521] (arduino_interfaces) StdoutLine: {'line': b'-- Up-to-date: /home/ras/DUM-E_ROSCode/ros2_ws/install/arduino_interfaces/include/arduino_interfaces/arduino_interfaces/srv\n'}
[52.115926] (arduino_interfaces) StdoutLine: {'line': b'-- Up-to-date: /home/ras/DUM-E_ROSCode/ros2_ws/install/arduino_interfaces/include/arduino_interfaces/arduino_interfaces/srv/detail\n'}
[52.116271] (arduino_interfaces) StdoutLine: {'line': b'-- Installing: /home/ras/DUM-E_ROSCode/ros2_ws/install/arduino_interfaces/include/arduino_interfaces/arduino_interfaces/srv/detail/set_stepper_motor_positions__rosidl_typesupport_introspection_c.h\n'}
[52.116801] (arduino_interfaces) StdoutLine: {'line': b'-- Installing: /home/ras/DUM-E_ROSCode/ros2_ws/install/arduino_interfaces/include/arduino_interfaces/arduino_interfaces/srv/detail/set_stepper_motor_positions__type_support.c\n'}
[52.118427] (arduino_interfaces) StdoutLine: {'line': b'-- Up-to-date: /home/ras/DUM-E_ROSCode/ros2_ws/install/arduino_interfaces/include/arduino_interfaces/arduino_interfaces/msg\n'}
[52.119032] (arduino_interfaces) StdoutLine: {'line': b'-- Up-to-date: /home/ras/DUM-E_ROSCode/ros2_ws/install/arduino_interfaces/include/arduino_interfaces/arduino_interfaces/msg/detail\n'}
[52.119534] (arduino_interfaces) StdoutLine: {'line': b'-- Installing: /home/ras/DUM-E_ROSCode/ros2_ws/install/arduino_interfaces/include/arduino_interfaces/arduino_interfaces/msg/detail/num__rosidl_typesupport_introspection_c.h\n'}
[52.120800] (arduino_interfaces) StdoutLine: {'line': b'-- Installing: /home/ras/DUM-E_ROSCode/ros2_ws/install/arduino_interfaces/include/arduino_interfaces/arduino_interfaces/msg/detail/num__type_support.c\n'}
[52.122546] (arduino_interfaces) StdoutLine: {'line': b'-- Installing: /home/ras/DUM-E_ROSCode/ros2_ws/install/arduino_interfaces/include/arduino_interfaces/arduino_interfaces/msg/rosidl_typesupport_introspection_c__visibility_control.h\n'}
[52.123994] (arduino_interfaces) StdoutLine: {'line': b'-- Installing: /home/ras/DUM-E_ROSCode/ros2_ws/install/arduino_interfaces/lib/libarduino_interfaces__rosidl_typesupport_introspection_c.so\n'}
[52.128109] (arduino_interfaces) StdoutLine: {'line': b'-- Set non-toolchain portion of runtime path of "/home/ras/DUM-E_ROSCode/ros2_ws/install/arduino_interfaces/lib/libarduino_interfaces__rosidl_typesupport_introspection_c.so" to ""\n'}
[52.128749] (arduino_interfaces) StdoutLine: {'line': b'-- Installing: /home/ras/DUM-E_ROSCode/ros2_ws/install/arduino_interfaces/lib/libarduino_interfaces__rosidl_typesupport_c.so\n'}
[52.131721] (arduino_interfaces) StdoutLine: {'line': b'-- Set non-toolchain portion of runtime path of "/home/ras/DUM-E_ROSCode/ros2_ws/install/arduino_interfaces/lib/libarduino_interfaces__rosidl_typesupport_c.so" to ""\n'}
[52.132252] (arduino_interfaces) StdoutLine: {'line': b'-- Up-to-date: /home/ras/DUM-E_ROSCode/ros2_ws/install/arduino_interfaces/include/arduino_interfaces/arduino_interfaces\n'}
[52.132953] (arduino_interfaces) StdoutLine: {'line': b'-- Up-to-date: /home/ras/DUM-E_ROSCode/ros2_ws/install/arduino_interfaces/include/arduino_interfaces/arduino_interfaces/srv\n'}
[52.133371] (arduino_interfaces) StdoutLine: {'line': b'-- Installing: /home/ras/DUM-E_ROSCode/ros2_ws/install/arduino_interfaces/include/arduino_interfaces/arduino_interfaces/srv/set_stepper_motor_positions.hpp\n'}
[52.133963] (arduino_interfaces) StdoutLine: {'line': b'-- Up-to-date: /home/ras/DUM-E_ROSCode/ros2_ws/install/arduino_interfaces/include/arduino_interfaces/arduino_interfaces/srv/detail\n'}
[52.134487] (arduino_interfaces) StdoutLine: {'line': b'-- Installing: /home/ras/DUM-E_ROSCode/ros2_ws/install/arduino_interfaces/include/arduino_interfaces/arduino_interfaces/srv/detail/set_stepper_motor_positions__traits.hpp\n'}
[52.135903] (arduino_interfaces) StdoutLine: {'line': b'-- Installing: /home/ras/DUM-E_ROSCode/ros2_ws/install/arduino_interfaces/include/arduino_interfaces/arduino_interfaces/srv/detail/set_stepper_motor_positions__builder.hpp\n'}
[52.137234] (arduino_interfaces) StdoutLine: {'line': b'-- Installing: /home/ras/DUM-E_ROSCode/ros2_ws/install/arduino_interfaces/include/arduino_interfaces/arduino_interfaces/srv/detail/set_stepper_motor_positions__struct.hpp\n'}
[52.138670] (arduino_interfaces) StdoutLine: {'line': b'-- Installing: /home/ras/DUM-E_ROSCode/ros2_ws/install/arduino_interfaces/include/arduino_interfaces/arduino_interfaces/srv/detail/set_stepper_motor_positions__type_support.hpp\n'}
[52.139136] (-) TimerEvent: {}
[52.139917] (arduino_interfaces) StdoutLine: {'line': b'-- Up-to-date: /home/ras/DUM-E_ROSCode/ros2_ws/install/arduino_interfaces/include/arduino_interfaces/arduino_interfaces/msg\n'}
[52.140511] (arduino_interfaces) StdoutLine: {'line': b'-- Up-to-date: /home/ras/DUM-E_ROSCode/ros2_ws/install/arduino_interfaces/include/arduino_interfaces/arduino_interfaces/msg/detail\n'}
[52.141037] (arduino_interfaces) StdoutLine: {'line': b'-- Installing: /home/ras/DUM-E_ROSCode/ros2_ws/install/arduino_interfaces/include/arduino_interfaces/arduino_interfaces/msg/detail/num__struct.hpp\n'}
[52.142102] (arduino_interfaces) StdoutLine: {'line': b'-- Installing: /home/ras/DUM-E_ROSCode/ros2_ws/install/arduino_interfaces/include/arduino_interfaces/arduino_interfaces/msg/detail/num__builder.hpp\n'}
[52.143307] (arduino_interfaces) StdoutLine: {'line': b'-- Installing: /home/ras/DUM-E_ROSCode/ros2_ws/install/arduino_interfaces/include/arduino_interfaces/arduino_interfaces/msg/detail/num__type_support.hpp\n'}
[52.144534] (arduino_interfaces) StdoutLine: {'line': b'-- Installing: /home/ras/DUM-E_ROSCode/ros2_ws/install/arduino_interfaces/include/arduino_interfaces/arduino_interfaces/msg/detail/num__traits.hpp\n'}
[52.145715] (arduino_interfaces) StdoutLine: {'line': b'-- Installing: /home/ras/DUM-E_ROSCode/ros2_ws/install/arduino_interfaces/include/arduino_interfaces/arduino_interfaces/msg/num.hpp\n'}
[52.146861] (arduino_interfaces) StdoutLine: {'line': b'-- Installing: /home/ras/DUM-E_ROSCode/ros2_ws/install/arduino_interfaces/include/arduino_interfaces/arduino_interfaces/msg/rosidl_generator_cpp__visibility_control.hpp\n'}
[52.148446] (arduino_interfaces) StdoutLine: {'line': b'-- Up-to-date: /home/ras/DUM-E_ROSCode/ros2_ws/install/arduino_interfaces/include/arduino_interfaces/arduino_interfaces\n'}
[52.149389] (arduino_interfaces) StdoutLine: {'line': b'-- Up-to-date: /home/ras/DUM-E_ROSCode/ros2_ws/install/arduino_interfaces/include/arduino_interfaces/arduino_interfaces/srv\n'}
[52.149903] (arduino_interfaces) StdoutLine: {'line': b'-- Up-to-date: /home/ras/DUM-E_ROSCode/ros2_ws/install/arduino_interfaces/include/arduino_interfaces/arduino_interfaces/srv/detail\n'}
[52.150441] (arduino_interfaces) StdoutLine: {'line': b'-- Installing: /home/ras/DUM-E_ROSCode/ros2_ws/install/arduino_interfaces/include/arduino_interfaces/arduino_interfaces/srv/detail/set_stepper_motor_positions__rosidl_typesupport_fastrtps_cpp.hpp\n'}
[52.151513] (arduino_interfaces) StdoutLine: {'line': b'-- Installing: /home/ras/DUM-E_ROSCode/ros2_ws/install/arduino_interfaces/include/arduino_interfaces/arduino_interfaces/srv/detail/dds_fastrtps\n'}
[52.152430] (arduino_interfaces) StdoutLine: {'line': b'-- Up-to-date: /home/ras/DUM-E_ROSCode/ros2_ws/install/arduino_interfaces/include/arduino_interfaces/arduino_interfaces/msg\n'}
[52.153052] (arduino_interfaces) StdoutLine: {'line': b'-- Up-to-date: /home/ras/DUM-E_ROSCode/ros2_ws/install/arduino_interfaces/include/arduino_interfaces/arduino_interfaces/msg/detail\n'}
[52.153546] (arduino_interfaces) StdoutLine: {'line': b'-- Installing: /home/ras/DUM-E_ROSCode/ros2_ws/install/arduino_interfaces/include/arduino_interfaces/arduino_interfaces/msg/detail/num__rosidl_typesupport_fastrtps_cpp.hpp\n'}
[52.154700] (arduino_interfaces) StdoutLine: {'line': b'-- Installing: /home/ras/DUM-E_ROSCode/ros2_ws/install/arduino_interfaces/include/arduino_interfaces/arduino_interfaces/msg/detail/dds_fastrtps\n'}
[52.155547] (arduino_interfaces) StdoutLine: {'line': b'-- Installing: /home/ras/DUM-E_ROSCode/ros2_ws/install/arduino_interfaces/include/arduino_interfaces/arduino_interfaces/msg/rosidl_typesupport_fastrtps_cpp__visibility_control.h\n'}
[52.157206] (arduino_interfaces) StdoutLine: {'line': b'-- Installing: /home/ras/DUM-E_ROSCode/ros2_ws/install/arduino_interfaces/lib/libarduino_interfaces__rosidl_typesupport_fastrtps_cpp.so\n'}
[52.162464] (arduino_interfaces) StdoutLine: {'line': b'-- Set non-toolchain portion of runtime path of "/home/ras/DUM-E_ROSCode/ros2_ws/install/arduino_interfaces/lib/libarduino_interfaces__rosidl_typesupport_fastrtps_cpp.so" to ""\n'}
[52.163100] (arduino_interfaces) StdoutLine: {'line': b'-- Up-to-date: /home/ras/DUM-E_ROSCode/ros2_ws/install/arduino_interfaces/include/arduino_interfaces/arduino_interfaces\n'}
[52.163648] (arduino_interfaces) StdoutLine: {'line': b'-- Up-to-date: /home/ras/DUM-E_ROSCode/ros2_ws/install/arduino_interfaces/include/arduino_interfaces/arduino_interfaces/srv\n'}
[52.164035] (arduino_interfaces) StdoutLine: {'line': b'-- Up-to-date: /home/ras/DUM-E_ROSCode/ros2_ws/install/arduino_interfaces/include/arduino_interfaces/arduino_interfaces/srv/detail\n'}
[52.164412] (arduino_interfaces) StdoutLine: {'line': b'-- Installing: /home/ras/DUM-E_ROSCode/ros2_ws/install/arduino_interfaces/include/arduino_interfaces/arduino_interfaces/srv/detail/set_stepper_motor_positions__rosidl_typesupport_introspection_cpp.hpp\n'}
[52.164913] (arduino_interfaces) StdoutLine: {'line': b'-- Installing: /home/ras/DUM-E_ROSCode/ros2_ws/install/arduino_interfaces/include/arduino_interfaces/arduino_interfaces/srv/detail/set_stepper_motor_positions__type_support.cpp\n'}
[52.166389] (arduino_interfaces) StdoutLine: {'line': b'-- Up-to-date: /home/ras/DUM-E_ROSCode/ros2_ws/install/arduino_interfaces/include/arduino_interfaces/arduino_interfaces/msg\n'}
[52.166968] (arduino_interfaces) StdoutLine: {'line': b'-- Up-to-date: /home/ras/DUM-E_ROSCode/ros2_ws/install/arduino_interfaces/include/arduino_interfaces/arduino_interfaces/msg/detail\n'}
[52.167459] (arduino_interfaces) StdoutLine: {'line': b'-- Installing: /home/ras/DUM-E_ROSCode/ros2_ws/install/arduino_interfaces/include/arduino_interfaces/arduino_interfaces/msg/detail/num__rosidl_typesupport_introspection_cpp.hpp\n'}
[52.168677] (arduino_interfaces) StdoutLine: {'line': b'-- Installing: /home/ras/DUM-E_ROSCode/ros2_ws/install/arduino_interfaces/include/arduino_interfaces/arduino_interfaces/msg/detail/num__type_support.cpp\n'}
[52.170244] (arduino_interfaces) StdoutLine: {'line': b'-- Installing: /home/ras/DUM-E_ROSCode/ros2_ws/install/arduino_interfaces/lib/libarduino_interfaces__rosidl_typesupport_introspection_cpp.so\n'}
[52.174822] (arduino_interfaces) StdoutLine: {'line': b'-- Set non-toolchain portion of runtime path of "/home/ras/DUM-E_ROSCode/ros2_ws/install/arduino_interfaces/lib/libarduino_interfaces__rosidl_typesupport_introspection_cpp.so" to ""\n'}
[52.175435] (arduino_interfaces) StdoutLine: {'line': b'-- Installing: /home/ras/DUM-E_ROSCode/ros2_ws/install/arduino_interfaces/lib/libarduino_interfaces__rosidl_typesupport_cpp.so\n'}
[52.178619] (arduino_interfaces) StdoutLine: {'line': b'-- Set non-toolchain portion of runtime path of "/home/ras/DUM-E_ROSCode/ros2_ws/install/arduino_interfaces/lib/libarduino_interfaces__rosidl_typesupport_cpp.so" to ""\n'}
[52.179157] (arduino_interfaces) StdoutLine: {'line': b'-- Installing: /home/ras/DUM-E_ROSCode/ros2_ws/install/arduino_interfaces/share/arduino_interfaces/environment/pythonpath.sh\n'}
[52.179891] (arduino_interfaces) StdoutLine: {'line': b'-- Installing: /home/ras/DUM-E_ROSCode/ros2_ws/install/arduino_interfaces/share/arduino_interfaces/environment/pythonpath.dsv\n'}
[52.181097] (arduino_interfaces) StdoutLine: {'line': b'-- Installing: /home/ras/DUM-E_ROSCode/ros2_ws/install/arduino_interfaces/lib/python3.12/site-packages/arduino_interfaces-0.0.0-py3.12.egg-info\n'}
[52.182237] (arduino_interfaces) StdoutLine: {'line': b'-- Installing: /home/ras/DUM-E_ROSCode/ros2_ws/install/arduino_interfaces/lib/python3.12/site-packages/arduino_interfaces-0.0.0-py3.12.egg-info/dependency_links.txt\n'}
[52.183497] (arduino_interfaces) StdoutLine: {'line': b'-- Installing: /home/ras/DUM-E_ROSCode/ros2_ws/install/arduino_interfaces/lib/python3.12/site-packages/arduino_interfaces-0.0.0-py3.12.egg-info/PKG-INFO\n'}
[52.184681] (arduino_interfaces) StdoutLine: {'line': b'-- Installing: /home/ras/DUM-E_ROSCode/ros2_ws/install/arduino_interfaces/lib/python3.12/site-packages/arduino_interfaces-0.0.0-py3.12.egg-info/top_level.txt\n'}
[52.185880] (arduino_interfaces) StdoutLine: {'line': b'-- Installing: /home/ras/DUM-E_ROSCode/ros2_ws/install/arduino_interfaces/lib/python3.12/site-packages/arduino_interfaces-0.0.0-py3.12.egg-info/SOURCES.txt\n'}
[52.187203] (arduino_interfaces) StdoutLine: {'line': b'-- Installing: /home/ras/DUM-E_ROSCode/ros2_ws/install/arduino_interfaces/lib/python3.12/site-packages/arduino_interfaces\n'}
[52.188183] (arduino_interfaces) StdoutLine: {'line': b'-- Installing: /home/ras/DUM-E_ROSCode/ros2_ws/install/arduino_interfaces/lib/python3.12/site-packages/arduino_interfaces/_arduino_interfaces_s.ep.rosidl_typesupport_fastrtps_c.c\n'}
[52.189717] (arduino_interfaces) StdoutLine: {'line': b'-- Installing: /home/ras/DUM-E_ROSCode/ros2_ws/install/arduino_interfaces/lib/python3.12/site-packages/arduino_interfaces/arduino_interfaces_s__rosidl_typesupport_fastrtps_c.so\n'}
[52.191604] (arduino_interfaces) StdoutLine: {'line': b'-- Installing: /home/ras/DUM-E_ROSCode/ros2_ws/install/arduino_interfaces/lib/python3.12/site-packages/arduino_interfaces/_arduino_interfaces_s.ep.rosidl_typesupport_c.c\n'}
[52.193000] (arduino_interfaces) StdoutLine: {'line': b'-- Installing: /home/ras/DUM-E_ROSCode/ros2_ws/install/arduino_interfaces/lib/python3.12/site-packages/arduino_interfaces/arduino_interfaces_s__rosidl_typesupport_c.so\n'}
[52.194760] (arduino_interfaces) StdoutLine: {'line': b'-- Installing: /home/ras/DUM-E_ROSCode/ros2_ws/install/arduino_interfaces/lib/python3.12/site-packages/arduino_interfaces/srv\n'}
[52.195529] (arduino_interfaces) StdoutLine: {'line': b'-- Installing: /home/ras/DUM-E_ROSCode/ros2_ws/install/arduino_interfaces/lib/python3.12/site-packages/arduino_interfaces/srv/__init__.py\n'}
[52.196741] (arduino_interfaces) StdoutLine: {'line': b'-- Installing: /home/ras/DUM-E_ROSCode/ros2_ws/install/arduino_interfaces/lib/python3.12/site-packages/arduino_interfaces/srv/_set_stepper_motor_positions.py\n'}
[52.198084] (arduino_interfaces) StdoutLine: {'line': b'-- Installing: /home/ras/DUM-E_ROSCode/ros2_ws/install/arduino_interfaces/lib/python3.12/site-packages/arduino_interfaces/srv/_set_stepper_motor_positions_s.c\n'}
[52.199484] (arduino_interfaces) StdoutLine: {'line': b'-- Installing: /home/ras/DUM-E_ROSCode/ros2_ws/install/arduino_interfaces/lib/python3.12/site-packages/arduino_interfaces/arduino_interfaces_s__rosidl_typesupport_introspection_c.so\n'}
[52.201741] (arduino_interfaces) StdoutLine: {'line': b'-- Installing: /home/ras/DUM-E_ROSCode/ros2_ws/install/arduino_interfaces/lib/python3.12/site-packages/arduino_interfaces/_arduino_interfaces_s.ep.rosidl_typesupport_introspection_c.c\n'}
[52.203321] (arduino_interfaces) StdoutLine: {'line': b'-- Installing: /home/ras/DUM-E_ROSCode/ros2_ws/install/arduino_interfaces/lib/python3.12/site-packages/arduino_interfaces/__init__.py\n'}
[52.204321] (arduino_interfaces) StdoutLine: {'line': b'-- Installing: /home/ras/DUM-E_ROSCode/ros2_ws/install/arduino_interfaces/lib/python3.12/site-packages/arduino_interfaces/msg\n'}
[52.205116] (arduino_interfaces) StdoutLine: {'line': b'-- Installing: /home/ras/DUM-E_ROSCode/ros2_ws/install/arduino_interfaces/lib/python3.12/site-packages/arduino_interfaces/msg/_num_s.c\n'}
[52.206283] (arduino_interfaces) StdoutLine: {'line': b'-- Installing: /home/ras/DUM-E_ROSCode/ros2_ws/install/arduino_interfaces/lib/python3.12/site-packages/arduino_interfaces/msg/__init__.py\n'}
[52.207428] (arduino_interfaces) StdoutLine: {'line': b'-- Installing: /home/ras/DUM-E_ROSCode/ros2_ws/install/arduino_interfaces/lib/python3.12/site-packages/arduino_interfaces/msg/_num.py\n'}
[52.239314] (-) TimerEvent: {}
[52.339980] (-) TimerEvent: {}
[52.404627] (arduino_interfaces) StdoutLine: {'line': b"Listing '/home/ras/DUM-E_ROSCode/ros2_ws/install/arduino_interfaces/lib/python3.12/site-packages/arduino_interfaces'...\n"}
[52.406018] (arduino_interfaces) StdoutLine: {'line': b"Compiling '/home/ras/DUM-E_ROSCode/ros2_ws/install/arduino_interfaces/lib/python3.12/site-packages/arduino_interfaces/__init__.py'...\n"}
[52.407053] (arduino_interfaces) StdoutLine: {'line': b"Listing '/home/ras/DUM-E_ROSCode/ros2_ws/install/arduino_interfaces/lib/python3.12/site-packages/arduino_interfaces/msg'...\n"}
[52.408220] (arduino_interfaces) StdoutLine: {'line': b"Compiling '/home/ras/DUM-E_ROSCode/ros2_ws/install/arduino_interfaces/lib/python3.12/site-packages/arduino_interfaces/msg/__init__.py'...\n"}
[52.409216] (arduino_interfaces) StdoutLine: {'line': b"Compiling '/home/ras/DUM-E_ROSCode/ros2_ws/install/arduino_interfaces/lib/python3.12/site-packages/arduino_interfaces/msg/_num.py'...\n"}
[52.410277] (arduino_interfaces) StdoutLine: {'line': b"Listing '/home/ras/DUM-E_ROSCode/ros2_ws/install/arduino_interfaces/lib/python3.12/site-packages/arduino_interfaces/srv'...\n"}
[52.411320] (arduino_interfaces) StdoutLine: {'line': b"Compiling '/home/ras/DUM-E_ROSCode/ros2_ws/install/arduino_interfaces/lib/python3.12/site-packages/arduino_interfaces/srv/__init__.py'...\n"}
[52.412189] (arduino_interfaces) StdoutLine: {'line': b"Compiling '/home/ras/DUM-E_ROSCode/ros2_ws/install/arduino_interfaces/lib/python3.12/site-packages/arduino_interfaces/srv/_set_stepper_motor_positions.py'...\n"}
[52.438158] (arduino_interfaces) StdoutLine: {'line': b'-- Installing: /home/ras/DUM-E_ROSCode/ros2_ws/install/arduino_interfaces/lib/python3.12/site-packages/arduino_interfaces/arduino_interfaces_s__rosidl_typesupport_fastrtps_c.so\n'}
[52.440134] (-) TimerEvent: {}
[52.441385] (arduino_interfaces) StdoutLine: {'line': b'-- Set non-toolchain portion of runtime path of "/home/ras/DUM-E_ROSCode/ros2_ws/install/arduino_interfaces/lib/python3.12/site-packages/arduino_interfaces/arduino_interfaces_s__rosidl_typesupport_fastrtps_c.so" to ""\n'}
[52.443213] (arduino_interfaces) StdoutLine: {'line': b'-- Installing: /home/ras/DUM-E_ROSCode/ros2_ws/install/arduino_interfaces/lib/python3.12/site-packages/arduino_interfaces/arduino_interfaces_s__rosidl_typesupport_introspection_c.so\n'}
[52.446367] (arduino_interfaces) StdoutLine: {'line': b'-- Set non-toolchain portion of runtime path of "/home/ras/DUM-E_ROSCode/ros2_ws/install/arduino_interfaces/lib/python3.12/site-packages/arduino_interfaces/arduino_interfaces_s__rosidl_typesupport_introspection_c.so" to ""\n'}
[52.448097] (arduino_interfaces) StdoutLine: {'line': b'-- Installing: /home/ras/DUM-E_ROSCode/ros2_ws/install/arduino_interfaces/lib/python3.12/site-packages/arduino_interfaces/arduino_interfaces_s__rosidl_typesupport_c.so\n'}
[52.451091] (arduino_interfaces) StdoutLine: {'line': b'-- Set non-toolchain portion of runtime path of "/home/ras/DUM-E_ROSCode/ros2_ws/install/arduino_interfaces/lib/python3.12/site-packages/arduino_interfaces/arduino_interfaces_s__rosidl_typesupport_c.so" to ""\n'}
[52.451802] (arduino_interfaces) StdoutLine: {'line': b'-- Installing: /home/ras/DUM-E_ROSCode/ros2_ws/install/arduino_interfaces/lib/libarduino_interfaces__rosidl_generator_py.so\n'}
[52.455223] (arduino_interfaces) StdoutLine: {'line': b'-- Set non-toolchain portion of runtime path of "/home/ras/DUM-E_ROSCode/ros2_ws/install/arduino_interfaces/lib/libarduino_interfaces__rosidl_generator_py.so" to ""\n'}
[52.456041] (arduino_interfaces) StdoutLine: {'line': b'-- Installing: /home/ras/DUM-E_ROSCode/ros2_ws/install/arduino_interfaces/share/arduino_interfaces/msg/Num.idl\n'}
[52.457153] (arduino_interfaces) StdoutLine: {'line': b'-- Installing: /home/ras/DUM-E_ROSCode/ros2_ws/install/arduino_interfaces/share/arduino_interfaces/srv/SetStepperMotorPositions.idl\n'}
[52.458601] (arduino_interfaces) StdoutLine: {'line': b'-- Installing: /home/ras/DUM-E_ROSCode/ros2_ws/install/arduino_interfaces/share/arduino_interfaces/msg/Num.msg\n'}
[52.459787] (arduino_interfaces) StdoutLine: {'line': b'-- Installing: /home/ras/DUM-E_ROSCode/ros2_ws/install/arduino_interfaces/share/arduino_interfaces/srv/SetStepperMotorPositions.srv\n'}
[52.461439] (arduino_interfaces) StdoutLine: {'line': b'-- Installing: /home/ras/DUM-E_ROSCode/ros2_ws/install/arduino_interfaces/share/ament_index/resource_index/package_run_dependencies/arduino_interfaces\n'}
[52.463683] (arduino_interfaces) StdoutLine: {'line': b'-- Installing: /home/ras/DUM-E_ROSCode/ros2_ws/install/arduino_interfaces/share/ament_index/resource_index/parent_prefix_path/arduino_interfaces\n'}
[52.465134] (arduino_interfaces) StdoutLine: {'line': b'-- Installing: /home/ras/DUM-E_ROSCode/ros2_ws/install/arduino_interfaces/share/arduino_interfaces/environment/ament_prefix_path.sh\n'}
[52.466765] (arduino_interfaces) StdoutLine: {'line': b'-- Installing: /home/ras/DUM-E_ROSCode/ros2_ws/install/arduino_interfaces/share/arduino_interfaces/environment/ament_prefix_path.dsv\n'}
[52.468078] (arduino_interfaces) StdoutLine: {'line': b'-- Installing: /home/ras/DUM-E_ROSCode/ros2_ws/install/arduino_interfaces/share/arduino_interfaces/environment/path.sh\n'}
[52.469277] (arduino_interfaces) StdoutLine: {'line': b'-- Installing: /home/ras/DUM-E_ROSCode/ros2_ws/install/arduino_interfaces/share/arduino_interfaces/environment/path.dsv\n'}
[52.470601] (arduino_interfaces) StdoutLine: {'line': b'-- Installing: /home/ras/DUM-E_ROSCode/ros2_ws/install/arduino_interfaces/share/arduino_interfaces/local_setup.bash\n'}
[52.471816] (arduino_interfaces) StdoutLine: {'line': b'-- Installing: /home/ras/DUM-E_ROSCode/ros2_ws/install/arduino_interfaces/share/arduino_interfaces/local_setup.sh\n'}
[52.473136] (arduino_interfaces) StdoutLine: {'line': b'-- Installing: /home/ras/DUM-E_ROSCode/ros2_ws/install/arduino_interfaces/share/arduino_interfaces/local_setup.zsh\n'}
[52.474514] (arduino_interfaces) StdoutLine: {'line': b'-- Installing: /home/ras/DUM-E_ROSCode/ros2_ws/install/arduino_interfaces/share/arduino_interfaces/local_setup.dsv\n'}
[52.475800] (arduino_interfaces) StdoutLine: {'line': b'-- Installing: /home/ras/DUM-E_ROSCode/ros2_ws/install/arduino_interfaces/share/arduino_interfaces/package.dsv\n'}
[52.477479] (arduino_interfaces) StdoutLine: {'line': b'-- Installing: /home/ras/DUM-E_ROSCode/ros2_ws/install/arduino_interfaces/share/ament_index/resource_index/packages/arduino_interfaces\n'}
[52.479263] (arduino_interfaces) StdoutLine: {'line': b'-- Installing: /home/ras/DUM-E_ROSCode/ros2_ws/install/arduino_interfaces/share/arduino_interfaces/cmake/export_arduino_interfaces__rosidl_generator_cExport.cmake\n'}
[52.480804] (arduino_interfaces) StdoutLine: {'line': b'-- Installing: /home/ras/DUM-E_ROSCode/ros2_ws/install/arduino_interfaces/share/arduino_interfaces/cmake/export_arduino_interfaces__rosidl_generator_cExport-noconfig.cmake\n'}
[52.482379] (arduino_interfaces) StdoutLine: {'line': b'-- Installing: /home/ras/DUM-E_ROSCode/ros2_ws/install/arduino_interfaces/share/arduino_interfaces/cmake/export_arduino_interfaces__rosidl_typesupport_fastrtps_cExport.cmake\n'}
[52.483954] (arduino_interfaces) StdoutLine: {'line': b'-- Installing: /home/ras/DUM-E_ROSCode/ros2_ws/install/arduino_interfaces/share/arduino_interfaces/cmake/export_arduino_interfaces__rosidl_typesupport_fastrtps_cExport-noconfig.cmake\n'}
[52.485620] (arduino_interfaces) StdoutLine: {'line': b'-- Installing: /home/ras/DUM-E_ROSCode/ros2_ws/install/arduino_interfaces/share/arduino_interfaces/cmake/arduino_interfaces__rosidl_typesupport_introspection_cExport.cmake\n'}
[52.487172] (arduino_interfaces) StdoutLine: {'line': b'-- Installing: /home/ras/DUM-E_ROSCode/ros2_ws/install/arduino_interfaces/share/arduino_interfaces/cmake/arduino_interfaces__rosidl_typesupport_introspection_cExport-noconfig.cmake\n'}
[52.488783] (arduino_interfaces) StdoutLine: {'line': b'-- Installing: /home/ras/DUM-E_ROSCode/ros2_ws/install/arduino_interfaces/share/arduino_interfaces/cmake/arduino_interfaces__rosidl_typesupport_cExport.cmake\n'}
[52.490231] (arduino_interfaces) StdoutLine: {'line': b'-- Installing: /home/ras/DUM-E_ROSCode/ros2_ws/install/arduino_interfaces/share/arduino_interfaces/cmake/arduino_interfaces__rosidl_typesupport_cExport-noconfig.cmake\n'}
[52.491787] (arduino_interfaces) StdoutLine: {'line': b'-- Installing: /home/ras/DUM-E_ROSCode/ros2_ws/install/arduino_interfaces/share/arduino_interfaces/cmake/export_arduino_interfaces__rosidl_generator_cppExport.cmake\n'}
[52.493400] (arduino_interfaces) StdoutLine: {'line': b'-- Installing: /home/ras/DUM-E_ROSCode/ros2_ws/install/arduino_interfaces/share/arduino_interfaces/cmake/export_arduino_interfaces__rosidl_typesupport_fastrtps_cppExport.cmake\n'}
[52.494968] (arduino_interfaces) StdoutLine: {'line': b'-- Installing: /home/ras/DUM-E_ROSCode/ros2_ws/install/arduino_interfaces/share/arduino_interfaces/cmake/export_arduino_interfaces__rosidl_typesupport_fastrtps_cppExport-noconfig.cmake\n'}
[52.496693] (arduino_interfaces) StdoutLine: {'line': b'-- Installing: /home/ras/DUM-E_ROSCode/ros2_ws/install/arduino_interfaces/share/arduino_interfaces/cmake/arduino_interfaces__rosidl_typesupport_introspection_cppExport.cmake\n'}
[52.498489] (arduino_interfaces) StdoutLine: {'line': b'-- Installing: /home/ras/DUM-E_ROSCode/ros2_ws/install/arduino_interfaces/share/arduino_interfaces/cmake/arduino_interfaces__rosidl_typesupport_introspection_cppExport-noconfig.cmake\n'}
[52.500157] (arduino_interfaces) StdoutLine: {'line': b'-- Installing: /home/ras/DUM-E_ROSCode/ros2_ws/install/arduino_interfaces/share/arduino_interfaces/cmake/arduino_interfaces__rosidl_typesupport_cppExport.cmake\n'}
[52.501785] (arduino_interfaces) StdoutLine: {'line': b'-- Installing: /home/ras/DUM-E_ROSCode/ros2_ws/install/arduino_interfaces/share/arduino_interfaces/cmake/arduino_interfaces__rosidl_typesupport_cppExport-noconfig.cmake\n'}
[52.503499] (arduino_interfaces) StdoutLine: {'line': b'-- Installing: /home/ras/DUM-E_ROSCode/ros2_ws/install/arduino_interfaces/share/arduino_interfaces/cmake/export_arduino_interfaces__rosidl_generator_pyExport.cmake\n'}
[52.505077] (arduino_interfaces) StdoutLine: {'line': b'-- Installing: /home/ras/DUM-E_ROSCode/ros2_ws/install/arduino_interfaces/share/arduino_interfaces/cmake/export_arduino_interfaces__rosidl_generator_pyExport-noconfig.cmake\n'}
[52.506580] (arduino_interfaces) StdoutLine: {'line': b'-- Installing: /home/ras/DUM-E_ROSCode/ros2_ws/install/arduino_interfaces/share/arduino_interfaces/cmake/rosidl_cmake-extras.cmake\n'}
[52.508420] (arduino_interfaces) StdoutLine: {'line': b'-- Installing: /home/ras/DUM-E_ROSCode/ros2_ws/install/arduino_interfaces/share/arduino_interfaces/cmake/ament_cmake_export_dependencies-extras.cmake\n'}
[52.509830] (arduino_interfaces) StdoutLine: {'line': b'-- Installing: /home/ras/DUM-E_ROSCode/ros2_ws/install/arduino_interfaces/share/arduino_interfaces/cmake/ament_cmake_export_include_directories-extras.cmake\n'}
[52.511267] (arduino_interfaces) StdoutLine: {'line': b'-- Installing: /home/ras/DUM-E_ROSCode/ros2_ws/install/arduino_interfaces/share/arduino_interfaces/cmake/ament_cmake_export_libraries-extras.cmake\n'}
[52.512768] (arduino_interfaces) StdoutLine: {'line': b'-- Installing: /home/ras/DUM-E_ROSCode/ros2_ws/install/arduino_interfaces/share/arduino_interfaces/cmake/ament_cmake_export_targets-extras.cmake\n'}
[52.514195] (arduino_interfaces) StdoutLine: {'line': b'-- Installing: /home/ras/DUM-E_ROSCode/ros2_ws/install/arduino_interfaces/share/arduino_interfaces/cmake/rosidl_cmake_export_typesupport_targets-extras.cmake\n'}
[52.515690] (arduino_interfaces) StdoutLine: {'line': b'-- Installing: /home/ras/DUM-E_ROSCode/ros2_ws/install/arduino_interfaces/share/arduino_interfaces/cmake/rosidl_cmake_export_typesupport_libraries-extras.cmake\n'}
[52.517140] (arduino_interfaces) StdoutLine: {'line': b'-- Installing: /home/ras/DUM-E_ROSCode/ros2_ws/install/arduino_interfaces/share/arduino_interfaces/cmake/arduino_interfacesConfig.cmake\n'}
[52.518277] (arduino_interfaces) StdoutLine: {'line': b'-- Installing: /home/ras/DUM-E_ROSCode/ros2_ws/install/arduino_interfaces/share/arduino_interfaces/cmake/arduino_interfacesConfig-version.cmake\n'}
[52.519633] (arduino_interfaces) StdoutLine: {'line': b'-- Installing: /home/ras/DUM-E_ROSCode/ros2_ws/install/arduino_interfaces/share/arduino_interfaces/package.xml\n'}
[52.528436] (arduino_interfaces) CommandEnded: {'returncode': 0}
[52.540307] (-) TimerEvent: {}
[52.617912] (arduino_interfaces) JobEnded: {'identifier': 'arduino_interfaces', 'rc': 0}
[52.640507] (-) TimerEvent: {}
[52.741105] (-) TimerEvent: {}
[52.841698] (-) TimerEvent: {}
[52.942273] (-) TimerEvent: {}
[53.042859] (-) TimerEvent: {}
[53.143453] (-) TimerEvent: {}
[53.244008] (-) TimerEvent: {}
[53.344662] (-) TimerEvent: {}
[53.446577] (-) TimerEvent: {}
[53.547530] (-) TimerEvent: {}
[53.591143] (tutorial_interfaces) StdoutLine: {'line': b'[ 81%] Built target tutorial_interfaces__py\n'}
[53.647707] (-) TimerEvent: {}
[53.706751] (tutorial_interfaces) StdoutLine: {'line': b'[ 85%] \x1b[32mBuilding C object CMakeFiles/tutorial_interfaces__rosidl_generator_py.dir/rosidl_generator_py/tutorial_interfaces/msg/_num_s.c.o\x1b[0m\n'}
[53.707662] (tutorial_interfaces) StdoutLine: {'line': b'[ 85%] \x1b[32mBuilding C object CMakeFiles/tutorial_interfaces__rosidl_generator_py.dir/rosidl_generator_py/tutorial_interfaces/msg/_sphere_s.c.o\x1b[0m\n'}
[53.708737] (tutorial_interfaces) StdoutLine: {'line': b'[ 87%] \x1b[32mBuilding C object CMakeFiles/tutorial_interfaces__rosidl_generator_py.dir/rosidl_generator_py/tutorial_interfaces/srv/_add_three_ints_s.c.o\x1b[0m\n'}
[53.747997] (-) TimerEvent: {}
[53.849417] (-) TimerEvent: {}
[53.952518] (-) TimerEvent: {}
[54.053270] (-) TimerEvent: {}
[54.154040] (-) TimerEvent: {}
[54.254794] (-) TimerEvent: {}
[54.355537] (-) TimerEvent: {}
[54.456388] (-) TimerEvent: {}
[54.479824] (tutorial_interfaces) StdoutLine: {'line': b'[ 88%] \x1b[32m\x1b[1mLinking C shared library libtutorial_interfaces__rosidl_generator_py.so\x1b[0m\n'}
[54.556561] (-) TimerEvent: {}
[54.657385] (-) TimerEvent: {}
[54.732421] (tutorial_interfaces) StdoutLine: {'line': b'[ 88%] Built target tutorial_interfaces__rosidl_generator_py\n'}
[54.757532] (-) TimerEvent: {}
[54.847666] (tutorial_interfaces) StdoutLine: {'line': b'[ 90%] \x1b[32mBuilding C object CMakeFiles/tutorial_interfaces_s__rosidl_typesupport_fastrtps_c.dir/rosidl_generator_py/tutorial_interfaces/_tutorial_interfaces_s.ep.rosidl_typesupport_fastrtps_c.c.o\x1b[0m\n'}
[54.848457] (tutorial_interfaces) StdoutLine: {'line': b'[ 92%] \x1b[32mBuilding C object CMakeFiles/tutorial_interfaces_s__rosidl_typesupport_introspection_c.dir/rosidl_generator_py/tutorial_interfaces/_tutorial_interfaces_s.ep.rosidl_typesupport_introspection_c.c.o\x1b[0m\n'}
[54.852503] (tutorial_interfaces) StdoutLine: {'line': b'[ 94%] \x1b[32mBuilding C object CMakeFiles/tutorial_interfaces_s__rosidl_typesupport_c.dir/rosidl_generator_py/tutorial_interfaces/_tutorial_interfaces_s.ep.rosidl_typesupport_c.c.o\x1b[0m\n'}
[54.857720] (-) TimerEvent: {}
[54.958437] (-) TimerEvent: {}
[55.059694] (-) TimerEvent: {}
[55.160796] (-) TimerEvent: {}
[55.261674] (-) TimerEvent: {}
[55.362862] (-) TimerEvent: {}
[55.454456] (tutorial_interfaces) StdoutLine: {'line': b'[ 96%] \x1b[32m\x1b[1mLinking C shared module rosidl_generator_py/tutorial_interfaces/tutorial_interfaces_s__rosidl_typesupport_c.so\x1b[0m\n'}
[55.463092] (-) TimerEvent: {}
[55.474074] (tutorial_interfaces) StdoutLine: {'line': b'[ 98%] \x1b[32m\x1b[1mLinking C shared module rosidl_generator_py/tutorial_interfaces/tutorial_interfaces_s__rosidl_typesupport_introspection_c.so\x1b[0m\n'}
[55.514235] (tutorial_interfaces) StdoutLine: {'line': b'[100%] \x1b[32m\x1b[1mLinking C shared module rosidl_generator_py/tutorial_interfaces/tutorial_interfaces_s__rosidl_typesupport_fastrtps_c.so\x1b[0m\n'}
[55.563459] (-) TimerEvent: {}
[55.642876] (tutorial_interfaces) StdoutLine: {'line': b'[100%] Built target tutorial_interfaces_s__rosidl_typesupport_c\n'}
[55.663265] (tutorial_interfaces) StdoutLine: {'line': b'[100%] Built target tutorial_interfaces_s__rosidl_typesupport_introspection_c\n'}
[55.664400] (-) TimerEvent: {}
[55.706971] (tutorial_interfaces) StdoutLine: {'line': b'[100%] Built target tutorial_interfaces_s__rosidl_typesupport_fastrtps_c\n'}
[55.764614] (-) TimerEvent: {}
[55.766585] (tutorial_interfaces) CommandEnded: {'returncode': 0}
[55.768576] (tutorial_interfaces) JobProgress: {'identifier': 'tutorial_interfaces', 'progress': 'install'}
[55.769313] (tutorial_interfaces) Command: {'cmd': ['/usr/bin/cmake', '--install', '/home/ras/DUM-E_ROSCode/ros2_ws/build/tutorial_interfaces'], 'cwd': '/home/ras/DUM-E_ROSCode/ros2_ws/build/tutorial_interfaces', 'env': OrderedDict({'LESSOPEN': '| /usr/bin/lesspipe %s', 'USER': 'ras', 'SSH_CLIENT': '145.93.117.102 55360 22', 'LC_TIME': 'nl_NL.UTF-8', 'XDG_SESSION_TYPE': 'tty', 'SHLVL': '1', 'LD_LIBRARY_PATH': '/opt/ros/jazzy/opt/rviz_ogre_vendor/lib:/opt/ros/jazzy/lib/aarch64-linux-gnu:/opt/ros/jazzy/opt/gz_math_vendor/lib:/opt/ros/jazzy/opt/gz_utils_vendor/lib:/opt/ros/jazzy/opt/gz_cmake_vendor/lib:/opt/ros/jazzy/lib', 'HOME': '/home/ras', 'OLDPWD': '/home/ras/DUM-E_ROSCode', 'SSH_TTY': '/dev/pts/3', 'ROS_PYTHON_VERSION': '3', 'LC_MONETARY': 'nl_NL.UTF-8', 'DBUS_SESSION_BUS_ADDRESS': 'unix:path=/run/user/1002/bus', 'DEBUGINFOD_URLS': 'https://debuginfod.ubuntu.com', 'ROS_DISTRO': 'jazzy', 'LOGNAME': 'ras', '_': '/usr/bin/colcon', 'ROS_VERSION': '2', 'XDG_SESSION_CLASS': 'user', 'TERM': 'xterm-256color', 'XDG_SESSION_ID': '28', 'PATH': '/opt/ros/jazzy/bin:/home/ras/.local/bin:/usr/local/sbin:/usr/local/bin:/usr/sbin:/usr/bin:/sbin:/bin:/usr/games:/usr/local/games:/snap/bin', 'LC_ADDRESS': 'nl_NL.UTF-8', 'XDG_RUNTIME_DIR': '/run/user/1002', 'LANG': 'C.UTF-8', 'LC_TELEPHONE': 'nl_NL.UTF-8', 'LS_COLORS': 'rs=0:di=01;34:ln=01;36:mh=00:pi=40;33:so=01;35:do=01;35:bd=40;33;01:cd=40;33;01:or=40;31;01:mi=00:su=37;41:sg=30;43:ca=00:tw=30;42:ow=34;42:st=37;44:ex=01;32:*.tar=01;31:*.tgz=01;31:*.arc=01;31:*.arj=01;31:*.taz=01;31:*.lha=01;31:*.lz4=01;31:*.lzh=01;31:*.lzma=01;31:*.tlz=01;31:*.txz=01;31:*.tzo=01;31:*.t7z=01;31:*.zip=01;31:*.z=01;31:*.dz=01;31:*.gz=01;31:*.lrz=01;31:*.lz=01;31:*.lzo=01;31:*.xz=01;31:*.zst=01;31:*.tzst=01;31:*.bz2=01;31:*.bz=01;31:*.tbz=01;31:*.tbz2=01;31:*.tz=01;31:*.deb=01;31:*.rpm=01;31:*.jar=01;31:*.war=01;31:*.ear=01;31:*.sar=01;31:*.rar=01;31:*.alz=01;31:*.ace=01;31:*.zoo=01;31:*.cpio=01;31:*.7z=01;31:*.rz=01;31:*.cab=01;31:*.wim=01;31:*.swm=01;31:*.dwm=01;31:*.esd=01;31:*.avif=01;35:*.jpg=01;35:*.jpeg=01;35:*.mjpg=01;35:*.mjpeg=01;35:*.gif=01;35:*.bmp=01;35:*.pbm=01;35:*.pgm=01;35:*.ppm=01;35:*.tga=01;35:*.xbm=01;35:*.xpm=01;35:*.tif=01;35:*.tiff=01;35:*.png=01;35:*.svg=01;35:*.svgz=01;35:*.mng=01;35:*.pcx=01;35:*.mov=01;35:*.mpg=01;35:*.mpeg=01;35:*.m2v=01;35:*.mkv=01;35:*.webm=01;35:*.webp=01;35:*.ogm=01;35:*.mp4=01;35:*.m4v=01;35:*.mp4v=01;35:*.vob=01;35:*.qt=01;35:*.nuv=01;35:*.wmv=01;35:*.asf=01;35:*.rm=01;35:*.rmvb=01;35:*.flc=01;35:*.avi=01;35:*.fli=01;35:*.flv=01;35:*.gl=01;35:*.dl=01;35:*.xcf=01;35:*.xwd=01;35:*.yuv=01;35:*.cgm=01;35:*.emf=01;35:*.ogv=01;35:*.ogx=01;35:*.aac=00;36:*.au=00;36:*.flac=00;36:*.m4a=00;36:*.mid=00;36:*.midi=00;36:*.mka=00;36:*.mp3=00;36:*.mpc=00;36:*.ogg=00;36:*.ra=00;36:*.wav=00;36:*.oga=00;36:*.opus=00;36:*.spx=00;36:*.xspf=00;36:*~=00;90:*#=00;90:*.bak=00;90:*.crdownload=00;90:*.dpkg-dist=00;90:*.dpkg-new=00;90:*.dpkg-old=00;90:*.dpkg-tmp=00;90:*.old=00;90:*.orig=00;90:*.part=00;90:*.rej=00;90:*.rpmnew=00;90:*.rpmorig=00;90:*.rpmsave=00;90:*.swp=00;90:*.tmp=00;90:*.ucf-dist=00;90:*.ucf-new=00;90:*.ucf-old=00;90:', 'AMENT_PREFIX_PATH': '/opt/ros/jazzy', 'SHELL': '/bin/bash', 'LC_NAME': 'nl_NL.UTF-8', 'LESSCLOSE': '/usr/bin/lesspipe %s %s', 'LC_MEASUREMENT': 'nl_NL.UTF-8', 'LC_IDENTIFICATION': 'nl_NL.UTF-8', 'ROS_AUTOMATIC_DISCOVERY_RANGE': 'SUBNET', 'PWD': '/home/ras/DUM-E_ROSCode/ros2_ws/build/tutorial_interfaces', 'LC_ALL': 'en_US.UTF-8', 'SSH_CONNECTION': '145.93.117.102 55360 145.93.236.46 22', 'XDG_DATA_DIRS': '/usr/share/gnome:/usr/local/share:/usr/share:/var/lib/snapd/desktop', 'PYTHONPATH': '/opt/ros/jazzy/lib/python3.12/site-packages', 'LC_NUMERIC': 'nl_NL.UTF-8', 'LC_PAPER': 'nl_NL.UTF-8', 'COLCON': '1', 'CMAKE_PREFIX_PATH': '/opt/ros/jazzy/opt/gz_math_vendor:/opt/ros/jazzy/opt/gz_utils_vendor:/opt/ros/jazzy/opt/gz_cmake_vendor:/opt/ros/jazzy'}), 'shell': False}
[55.812003] (tutorial_interfaces) StdoutLine: {'line': b'-- Install configuration: ""\n'}
[55.813233] (tutorial_interfaces) StdoutLine: {'line': b'-- Installing: /home/ras/DUM-E_ROSCode/ros2_ws/install/tutorial_interfaces/share/ament_index/resource_index/rosidl_interfaces/tutorial_interfaces\n'}
[55.815039] (tutorial_interfaces) StdoutLine: {'line': b'-- Installing: /home/ras/DUM-E_ROSCode/ros2_ws/install/tutorial_interfaces/share/tutorial_interfaces/msg/Num.json\n'}
[55.816261] (tutorial_interfaces) StdoutLine: {'line': b'-- Installing: /home/ras/DUM-E_ROSCode/ros2_ws/install/tutorial_interfaces/share/tutorial_interfaces/msg/Sphere.json\n'}
[55.817753] (tutorial_interfaces) StdoutLine: {'line': b'-- Installing: /home/ras/DUM-E_ROSCode/ros2_ws/install/tutorial_interfaces/share/tutorial_interfaces/srv/AddThreeInts.json\n'}
[55.818921] (tutorial_interfaces) StdoutLine: {'line': b'-- Installing: /home/ras/DUM-E_ROSCode/ros2_ws/install/tutorial_interfaces/include/tutorial_interfaces/tutorial_interfaces\n'}
[55.819830] (tutorial_interfaces) StdoutLine: {'line': b'-- Installing: /home/ras/DUM-E_ROSCode/ros2_ws/install/tutorial_interfaces/include/tutorial_interfaces/tutorial_interfaces/srv\n'}
[55.820528] (tutorial_interfaces) StdoutLine: {'line': b'-- Installing: /home/ras/DUM-E_ROSCode/ros2_ws/install/tutorial_interfaces/include/tutorial_interfaces/tutorial_interfaces/srv/add_three_ints.h\n'}
[55.821621] (tutorial_interfaces) StdoutLine: {'line': b'-- Installing: /home/ras/DUM-E_ROSCode/ros2_ws/install/tutorial_interfaces/include/tutorial_interfaces/tutorial_interfaces/srv/detail\n'}
[55.822415] (tutorial_interfaces) StdoutLine: {'line': b'-- Installing: /home/ras/DUM-E_ROSCode/ros2_ws/install/tutorial_interfaces/include/tutorial_interfaces/tutorial_interfaces/srv/detail/add_three_ints__description.c\n'}
[55.823737] (tutorial_interfaces) StdoutLine: {'line': b'-- Installing: /home/ras/DUM-E_ROSCode/ros2_ws/install/tutorial_interfaces/include/tutorial_interfaces/tutorial_interfaces/srv/detail/add_three_ints__functions.c\n'}
[55.825032] (tutorial_interfaces) StdoutLine: {'line': b'-- Installing: /home/ras/DUM-E_ROSCode/ros2_ws/install/tutorial_interfaces/include/tutorial_interfaces/tutorial_interfaces/srv/detail/add_three_ints__type_support.h\n'}
[55.826222] (tutorial_interfaces) StdoutLine: {'line': b'-- Installing: /home/ras/DUM-E_ROSCode/ros2_ws/install/tutorial_interfaces/include/tutorial_interfaces/tutorial_interfaces/srv/detail/add_three_ints__struct.h\n'}
[55.827347] (tutorial_interfaces) StdoutLine: {'line': b'-- Installing: /home/ras/DUM-E_ROSCode/ros2_ws/install/tutorial_interfaces/include/tutorial_interfaces/tutorial_interfaces/srv/detail/add_three_ints__functions.h\n'}
[55.828657] (tutorial_interfaces) StdoutLine: {'line': b'-- Installing: /home/ras/DUM-E_ROSCode/ros2_ws/install/tutorial_interfaces/include/tutorial_interfaces/tutorial_interfaces/srv/detail/add_three_ints__type_support.c\n'}
[55.829717] (tutorial_interfaces) StdoutLine: {'line': b'-- Installing: /home/ras/DUM-E_ROSCode/ros2_ws/install/tutorial_interfaces/include/tutorial_interfaces/tutorial_interfaces/msg\n'}
[55.830468] (tutorial_interfaces) StdoutLine: {'line': b'-- Installing: /home/ras/DUM-E_ROSCode/ros2_ws/install/tutorial_interfaces/include/tutorial_interfaces/tutorial_interfaces/msg/rosidl_generator_c__visibility_control.h\n'}
[55.831603] (tutorial_interfaces) StdoutLine: {'line': b'-- Installing: /home/ras/DUM-E_ROSCode/ros2_ws/install/tutorial_interfaces/include/tutorial_interfaces/tutorial_interfaces/msg/detail\n'}
[55.832427] (tutorial_interfaces) StdoutLine: {'line': b'-- Installing: /home/ras/DUM-E_ROSCode/ros2_ws/install/tutorial_interfaces/include/tutorial_interfaces/tutorial_interfaces/msg/detail/num__struct.h\n'}
[55.833539] (tutorial_interfaces) StdoutLine: {'line': b'-- Installing: /home/ras/DUM-E_ROSCode/ros2_ws/install/tutorial_interfaces/include/tutorial_interfaces/tutorial_interfaces/msg/detail/num__functions.h\n'}
[55.834660] (tutorial_interfaces) StdoutLine: {'line': b'-- Installing: /home/ras/DUM-E_ROSCode/ros2_ws/install/tutorial_interfaces/include/tutorial_interfaces/tutorial_interfaces/msg/detail/sphere__type_support.c\n'}
[55.835790] (tutorial_interfaces) StdoutLine: {'line': b'-- Installing: /home/ras/DUM-E_ROSCode/ros2_ws/install/tutorial_interfaces/include/tutorial_interfaces/tutorial_interfaces/msg/detail/num__type_support.h\n'}
[55.836861] (tutorial_interfaces) StdoutLine: {'line': b'-- Installing: /home/ras/DUM-E_ROSCode/ros2_ws/install/tutorial_interfaces/include/tutorial_interfaces/tutorial_interfaces/msg/detail/num__functions.c\n'}
[55.837965] (tutorial_interfaces) StdoutLine: {'line': b'-- Installing: /home/ras/DUM-E_ROSCode/ros2_ws/install/tutorial_interfaces/include/tutorial_interfaces/tutorial_interfaces/msg/detail/num__description.c\n'}
[55.839097] (tutorial_interfaces) StdoutLine: {'line': b'-- Installing: /home/ras/DUM-E_ROSCode/ros2_ws/install/tutorial_interfaces/include/tutorial_interfaces/tutorial_interfaces/msg/detail/sphere__type_support.h\n'}
[55.840192] (tutorial_interfaces) StdoutLine: {'line': b'-- Installing: /home/ras/DUM-E_ROSCode/ros2_ws/install/tutorial_interfaces/include/tutorial_interfaces/tutorial_interfaces/msg/detail/sphere__struct.h\n'}
[55.841274] (tutorial_interfaces) StdoutLine: {'line': b'-- Installing: /home/ras/DUM-E_ROSCode/ros2_ws/install/tutorial_interfaces/include/tutorial_interfaces/tutorial_interfaces/msg/detail/sphere__functions.c\n'}
[55.842416] (tutorial_interfaces) StdoutLine: {'line': b'-- Installing: /home/ras/DUM-E_ROSCode/ros2_ws/install/tutorial_interfaces/include/tutorial_interfaces/tutorial_interfaces/msg/detail/sphere__functions.h\n'}
[55.843553] (tutorial_interfaces) StdoutLine: {'line': b'-- Installing: /home/ras/DUM-E_ROSCode/ros2_ws/install/tutorial_interfaces/include/tutorial_interfaces/tutorial_interfaces/msg/detail/num__type_support.c\n'}
[55.844676] (tutorial_interfaces) StdoutLine: {'line': b'-- Installing: /home/ras/DUM-E_ROSCode/ros2_ws/install/tutorial_interfaces/include/tutorial_interfaces/tutorial_interfaces/msg/detail/sphere__description.c\n'}
[55.845820] (tutorial_interfaces) StdoutLine: {'line': b'-- Installing: /home/ras/DUM-E_ROSCode/ros2_ws/install/tutorial_interfaces/include/tutorial_interfaces/tutorial_interfaces/msg/num.h\n'}
[55.846822] (tutorial_interfaces) StdoutLine: {'line': b'-- Installing: /home/ras/DUM-E_ROSCode/ros2_ws/install/tutorial_interfaces/include/tutorial_interfaces/tutorial_interfaces/msg/sphere.h\n'}
[55.848424] (tutorial_interfaces) StdoutLine: {'line': b'-- Installing: /home/ras/DUM-E_ROSCode/ros2_ws/install/tutorial_interfaces/share/tutorial_interfaces/environment/library_path.sh\n'}
[55.849603] (tutorial_interfaces) StdoutLine: {'line': b'-- Installing: /home/ras/DUM-E_ROSCode/ros2_ws/install/tutorial_interfaces/share/tutorial_interfaces/environment/library_path.dsv\n'}
[55.851225] (tutorial_interfaces) StdoutLine: {'line': b'-- Installing: /home/ras/DUM-E_ROSCode/ros2_ws/install/tutorial_interfaces/lib/libtutorial_interfaces__rosidl_generator_c.so\n'}
[55.855102] (tutorial_interfaces) StdoutLine: {'line': b'-- Set non-toolchain portion of runtime path of "/home/ras/DUM-E_ROSCode/ros2_ws/install/tutorial_interfaces/lib/libtutorial_interfaces__rosidl_generator_c.so" to ""\n'}
[55.855700] (tutorial_interfaces) StdoutLine: {'line': b'-- Up-to-date: /home/ras/DUM-E_ROSCode/ros2_ws/install/tutorial_interfaces/include/tutorial_interfaces/tutorial_interfaces\n'}
[55.856056] (tutorial_interfaces) StdoutLine: {'line': b'-- Up-to-date: /home/ras/DUM-E_ROSCode/ros2_ws/install/tutorial_interfaces/include/tutorial_interfaces/tutorial_interfaces/srv\n'}
[55.856514] (tutorial_interfaces) StdoutLine: {'line': b'-- Up-to-date: /home/ras/DUM-E_ROSCode/ros2_ws/install/tutorial_interfaces/include/tutorial_interfaces/tutorial_interfaces/srv/detail\n'}
[55.856899] (tutorial_interfaces) StdoutLine: {'line': b'-- Installing: /home/ras/DUM-E_ROSCode/ros2_ws/install/tutorial_interfaces/include/tutorial_interfaces/tutorial_interfaces/srv/detail/add_three_ints__rosidl_typesupport_fastrtps_c.h\n'}
[55.857463] (tutorial_interfaces) StdoutLine: {'line': b'-- Up-to-date: /home/ras/DUM-E_ROSCode/ros2_ws/install/tutorial_interfaces/include/tutorial_interfaces/tutorial_interfaces/msg\n'}
[55.857954] (tutorial_interfaces) StdoutLine: {'line': b'-- Installing: /home/ras/DUM-E_ROSCode/ros2_ws/install/tutorial_interfaces/include/tutorial_interfaces/tutorial_interfaces/msg/rosidl_typesupport_fastrtps_c__visibility_control.h\n'}
[55.859146] (tutorial_interfaces) StdoutLine: {'line': b'-- Up-to-date: /home/ras/DUM-E_ROSCode/ros2_ws/install/tutorial_interfaces/include/tutorial_interfaces/tutorial_interfaces/msg/detail\n'}
[55.859723] (tutorial_interfaces) StdoutLine: {'line': b'-- Installing: /home/ras/DUM-E_ROSCode/ros2_ws/install/tutorial_interfaces/include/tutorial_interfaces/tutorial_interfaces/msg/detail/sphere__rosidl_typesupport_fastrtps_c.h\n'}
[55.860955] (tutorial_interfaces) StdoutLine: {'line': b'-- Installing: /home/ras/DUM-E_ROSCode/ros2_ws/install/tutorial_interfaces/include/tutorial_interfaces/tutorial_interfaces/msg/detail/num__rosidl_typesupport_fastrtps_c.h\n'}
[55.862428] (tutorial_interfaces) StdoutLine: {'line': b'-- Installing: /home/ras/DUM-E_ROSCode/ros2_ws/install/tutorial_interfaces/lib/libtutorial_interfaces__rosidl_typesupport_fastrtps_c.so\n'}
[55.864745] (-) TimerEvent: {}
[55.865794] (tutorial_interfaces) StdoutLine: {'line': b'-- Set non-toolchain portion of runtime path of "/home/ras/DUM-E_ROSCode/ros2_ws/install/tutorial_interfaces/lib/libtutorial_interfaces__rosidl_typesupport_fastrtps_c.so" to ""\n'}
[55.866464] (tutorial_interfaces) StdoutLine: {'line': b'-- Up-to-date: /home/ras/DUM-E_ROSCode/ros2_ws/install/tutorial_interfaces/include/tutorial_interfaces/tutorial_interfaces\n'}
[55.866915] (tutorial_interfaces) StdoutLine: {'line': b'-- Up-to-date: /home/ras/DUM-E_ROSCode/ros2_ws/install/tutorial_interfaces/include/tutorial_interfaces/tutorial_interfaces/srv\n'}
[55.867376] (tutorial_interfaces) StdoutLine: {'line': b'-- Up-to-date: /home/ras/DUM-E_ROSCode/ros2_ws/install/tutorial_interfaces/include/tutorial_interfaces/tutorial_interfaces/srv/detail\n'}
[55.867906] (tutorial_interfaces) StdoutLine: {'line': b'-- Installing: /home/ras/DUM-E_ROSCode/ros2_ws/install/tutorial_interfaces/include/tutorial_interfaces/tutorial_interfaces/srv/detail/add_three_ints__builder.hpp\n'}
[55.868880] (tutorial_interfaces) StdoutLine: {'line': b'-- Installing: /home/ras/DUM-E_ROSCode/ros2_ws/install/tutorial_interfaces/include/tutorial_interfaces/tutorial_interfaces/srv/detail/add_three_ints__struct.hpp\n'}
[55.870170] (tutorial_interfaces) StdoutLine: {'line': b'-- Installing: /home/ras/DUM-E_ROSCode/ros2_ws/install/tutorial_interfaces/include/tutorial_interfaces/tutorial_interfaces/srv/detail/add_three_ints__type_support.hpp\n'}
[55.871316] (tutorial_interfaces) StdoutLine: {'line': b'-- Installing: /home/ras/DUM-E_ROSCode/ros2_ws/install/tutorial_interfaces/include/tutorial_interfaces/tutorial_interfaces/srv/detail/add_three_ints__traits.hpp\n'}
[55.872546] (tutorial_interfaces) StdoutLine: {'line': b'-- Installing: /home/ras/DUM-E_ROSCode/ros2_ws/install/tutorial_interfaces/include/tutorial_interfaces/tutorial_interfaces/srv/add_three_ints.hpp\n'}
[55.873567] (tutorial_interfaces) StdoutLine: {'line': b'-- Up-to-date: /home/ras/DUM-E_ROSCode/ros2_ws/install/tutorial_interfaces/include/tutorial_interfaces/tutorial_interfaces/msg\n'}
[55.874041] (tutorial_interfaces) StdoutLine: {'line': b'-- Installing: /home/ras/DUM-E_ROSCode/ros2_ws/install/tutorial_interfaces/include/tutorial_interfaces/tutorial_interfaces/msg/sphere.hpp\n'}
[55.875057] (tutorial_interfaces) StdoutLine: {'line': b'-- Up-to-date: /home/ras/DUM-E_ROSCode/ros2_ws/install/tutorial_interfaces/include/tutorial_interfaces/tutorial_interfaces/msg/detail\n'}
[55.875572] (tutorial_interfaces) StdoutLine: {'line': b'-- Installing: /home/ras/DUM-E_ROSCode/ros2_ws/install/tutorial_interfaces/include/tutorial_interfaces/tutorial_interfaces/msg/detail/sphere__traits.hpp\n'}
[55.876737] (tutorial_interfaces) StdoutLine: {'line': b'-- Installing: /home/ras/DUM-E_ROSCode/ros2_ws/install/tutorial_interfaces/include/tutorial_interfaces/tutorial_interfaces/msg/detail/sphere__builder.hpp\n'}
[55.877853] (tutorial_interfaces) StdoutLine: {'line': b'-- Installing: /home/ras/DUM-E_ROSCode/ros2_ws/install/tutorial_interfaces/include/tutorial_interfaces/tutorial_interfaces/msg/detail/sphere__struct.hpp\n'}
[55.878985] (tutorial_interfaces) StdoutLine: {'line': b'-- Installing: /home/ras/DUM-E_ROSCode/ros2_ws/install/tutorial_interfaces/include/tutorial_interfaces/tutorial_interfaces/msg/detail/num__struct.hpp\n'}
[55.880146] (tutorial_interfaces) StdoutLine: {'line': b'-- Installing: /home/ras/DUM-E_ROSCode/ros2_ws/install/tutorial_interfaces/include/tutorial_interfaces/tutorial_interfaces/msg/detail/num__builder.hpp\n'}
[55.881249] (tutorial_interfaces) StdoutLine: {'line': b'-- Installing: /home/ras/DUM-E_ROSCode/ros2_ws/install/tutorial_interfaces/include/tutorial_interfaces/tutorial_interfaces/msg/detail/num__type_support.hpp\n'}
[55.882408] (tutorial_interfaces) StdoutLine: {'line': b'-- Installing: /home/ras/DUM-E_ROSCode/ros2_ws/install/tutorial_interfaces/include/tutorial_interfaces/tutorial_interfaces/msg/detail/sphere__type_support.hpp\n'}
[55.883517] (tutorial_interfaces) StdoutLine: {'line': b'-- Installing: /home/ras/DUM-E_ROSCode/ros2_ws/install/tutorial_interfaces/include/tutorial_interfaces/tutorial_interfaces/msg/detail/num__traits.hpp\n'}
[55.884575] (tutorial_interfaces) StdoutLine: {'line': b'-- Installing: /home/ras/DUM-E_ROSCode/ros2_ws/install/tutorial_interfaces/include/tutorial_interfaces/tutorial_interfaces/msg/num.hpp\n'}
[55.885609] (tutorial_interfaces) StdoutLine: {'line': b'-- Installing: /home/ras/DUM-E_ROSCode/ros2_ws/install/tutorial_interfaces/include/tutorial_interfaces/tutorial_interfaces/msg/rosidl_generator_cpp__visibility_control.hpp\n'}
[55.886955] (tutorial_interfaces) StdoutLine: {'line': b'-- Up-to-date: /home/ras/DUM-E_ROSCode/ros2_ws/install/tutorial_interfaces/include/tutorial_interfaces/tutorial_interfaces\n'}
[55.887507] (tutorial_interfaces) StdoutLine: {'line': b'-- Up-to-date: /home/ras/DUM-E_ROSCode/ros2_ws/install/tutorial_interfaces/include/tutorial_interfaces/tutorial_interfaces/srv\n'}
[55.887973] (tutorial_interfaces) StdoutLine: {'line': b'-- Up-to-date: /home/ras/DUM-E_ROSCode/ros2_ws/install/tutorial_interfaces/include/tutorial_interfaces/tutorial_interfaces/srv/detail\n'}
[55.888410] (tutorial_interfaces) StdoutLine: {'line': b'-- Installing: /home/ras/DUM-E_ROSCode/ros2_ws/install/tutorial_interfaces/include/tutorial_interfaces/tutorial_interfaces/srv/detail/add_three_ints__rosidl_typesupport_fastrtps_cpp.hpp\n'}
[55.889559] (tutorial_interfaces) StdoutLine: {'line': b'-- Installing: /home/ras/DUM-E_ROSCode/ros2_ws/install/tutorial_interfaces/include/tutorial_interfaces/tutorial_interfaces/srv/detail/dds_fastrtps\n'}
[55.890285] (tutorial_interfaces) StdoutLine: {'line': b'-- Up-to-date: /home/ras/DUM-E_ROSCode/ros2_ws/install/tutorial_interfaces/include/tutorial_interfaces/tutorial_interfaces/msg\n'}
[55.890735] (tutorial_interfaces) StdoutLine: {'line': b'-- Up-to-date: /home/ras/DUM-E_ROSCode/ros2_ws/install/tutorial_interfaces/include/tutorial_interfaces/tutorial_interfaces/msg/detail\n'}
[55.891174] (tutorial_interfaces) StdoutLine: {'line': b'-- Installing: /home/ras/DUM-E_ROSCode/ros2_ws/install/tutorial_interfaces/include/tutorial_interfaces/tutorial_interfaces/msg/detail/num__rosidl_typesupport_fastrtps_cpp.hpp\n'}
[55.892412] (tutorial_interfaces) StdoutLine: {'line': b'-- Installing: /home/ras/DUM-E_ROSCode/ros2_ws/install/tutorial_interfaces/include/tutorial_interfaces/tutorial_interfaces/msg/detail/dds_fastrtps\n'}
[55.893220] (tutorial_interfaces) StdoutLine: {'line': b'-- Installing: /home/ras/DUM-E_ROSCode/ros2_ws/install/tutorial_interfaces/include/tutorial_interfaces/tutorial_interfaces/msg/detail/sphere__rosidl_typesupport_fastrtps_cpp.hpp\n'}
[55.894528] (tutorial_interfaces) StdoutLine: {'line': b'-- Installing: /home/ras/DUM-E_ROSCode/ros2_ws/install/tutorial_interfaces/include/tutorial_interfaces/tutorial_interfaces/msg/rosidl_typesupport_fastrtps_cpp__visibility_control.h\n'}
[55.896019] (tutorial_interfaces) StdoutLine: {'line': b'-- Installing: /home/ras/DUM-E_ROSCode/ros2_ws/install/tutorial_interfaces/lib/libtutorial_interfaces__rosidl_typesupport_fastrtps_cpp.so\n'}
[55.900147] (tutorial_interfaces) StdoutLine: {'line': b'-- Set non-toolchain portion of runtime path of "/home/ras/DUM-E_ROSCode/ros2_ws/install/tutorial_interfaces/lib/libtutorial_interfaces__rosidl_typesupport_fastrtps_cpp.so" to ""\n'}
[55.900810] (tutorial_interfaces) StdoutLine: {'line': b'-- Up-to-date: /home/ras/DUM-E_ROSCode/ros2_ws/install/tutorial_interfaces/include/tutorial_interfaces/tutorial_interfaces\n'}
[55.901280] (tutorial_interfaces) StdoutLine: {'line': b'-- Up-to-date: /home/ras/DUM-E_ROSCode/ros2_ws/install/tutorial_interfaces/include/tutorial_interfaces/tutorial_interfaces/srv\n'}
[55.901833] (tutorial_interfaces) StdoutLine: {'line': b'-- Up-to-date: /home/ras/DUM-E_ROSCode/ros2_ws/install/tutorial_interfaces/include/tutorial_interfaces/tutorial_interfaces/srv/detail\n'}
[55.902170] (tutorial_interfaces) StdoutLine: {'line': b'-- Installing: /home/ras/DUM-E_ROSCode/ros2_ws/install/tutorial_interfaces/include/tutorial_interfaces/tutorial_interfaces/srv/detail/add_three_ints__rosidl_typesupport_introspection_c.h\n'}
[55.903258] (tutorial_interfaces) StdoutLine: {'line': b'-- Installing: /home/ras/DUM-E_ROSCode/ros2_ws/install/tutorial_interfaces/include/tutorial_interfaces/tutorial_interfaces/srv/detail/add_three_ints__type_support.c\n'}
[55.904697] (tutorial_interfaces) StdoutLine: {'line': b'-- Up-to-date: /home/ras/DUM-E_ROSCode/ros2_ws/install/tutorial_interfaces/include/tutorial_interfaces/tutorial_interfaces/msg\n'}
[55.905231] (tutorial_interfaces) StdoutLine: {'line': b'-- Up-to-date: /home/ras/DUM-E_ROSCode/ros2_ws/install/tutorial_interfaces/include/tutorial_interfaces/tutorial_interfaces/msg/detail\n'}
[55.905710] (tutorial_interfaces) StdoutLine: {'line': b'-- Installing: /home/ras/DUM-E_ROSCode/ros2_ws/install/tutorial_interfaces/include/tutorial_interfaces/tutorial_interfaces/msg/detail/sphere__rosidl_typesupport_introspection_c.h\n'}
[55.906911] (tutorial_interfaces) StdoutLine: {'line': b'-- Installing: /home/ras/DUM-E_ROSCode/ros2_ws/install/tutorial_interfaces/include/tutorial_interfaces/tutorial_interfaces/msg/detail/num__rosidl_typesupport_introspection_c.h\n'}
[55.908106] (tutorial_interfaces) StdoutLine: {'line': b'-- Installing: /home/ras/DUM-E_ROSCode/ros2_ws/install/tutorial_interfaces/include/tutorial_interfaces/tutorial_interfaces/msg/detail/sphere__type_support.c\n'}
[55.909384] (tutorial_interfaces) StdoutLine: {'line': b'-- Installing: /home/ras/DUM-E_ROSCode/ros2_ws/install/tutorial_interfaces/include/tutorial_interfaces/tutorial_interfaces/msg/detail/num__type_support.c\n'}
[55.910685] (tutorial_interfaces) StdoutLine: {'line': b'-- Installing: /home/ras/DUM-E_ROSCode/ros2_ws/install/tutorial_interfaces/include/tutorial_interfaces/tutorial_interfaces/msg/rosidl_typesupport_introspection_c__visibility_control.h\n'}
[55.912203] (tutorial_interfaces) StdoutLine: {'line': b'-- Installing: /home/ras/DUM-E_ROSCode/ros2_ws/install/tutorial_interfaces/lib/libtutorial_interfaces__rosidl_typesupport_introspection_c.so\n'}
[55.915373] (tutorial_interfaces) StdoutLine: {'line': b'-- Set non-toolchain portion of runtime path of "/home/ras/DUM-E_ROSCode/ros2_ws/install/tutorial_interfaces/lib/libtutorial_interfaces__rosidl_typesupport_introspection_c.so" to ""\n'}
[55.916016] (tutorial_interfaces) StdoutLine: {'line': b'-- Installing: /home/ras/DUM-E_ROSCode/ros2_ws/install/tutorial_interfaces/lib/libtutorial_interfaces__rosidl_typesupport_c.so\n'}
[55.918960] (tutorial_interfaces) StdoutLine: {'line': b'-- Set non-toolchain portion of runtime path of "/home/ras/DUM-E_ROSCode/ros2_ws/install/tutorial_interfaces/lib/libtutorial_interfaces__rosidl_typesupport_c.so" to ""\n'}
[55.919839] (tutorial_interfaces) StdoutLine: {'line': b'-- Up-to-date: /home/ras/DUM-E_ROSCode/ros2_ws/install/tutorial_interfaces/include/tutorial_interfaces/tutorial_interfaces\n'}
[55.920295] (tutorial_interfaces) StdoutLine: {'line': b'-- Up-to-date: /home/ras/DUM-E_ROSCode/ros2_ws/install/tutorial_interfaces/include/tutorial_interfaces/tutorial_interfaces/srv\n'}
[55.920786] (tutorial_interfaces) StdoutLine: {'line': b'-- Up-to-date: /home/ras/DUM-E_ROSCode/ros2_ws/install/tutorial_interfaces/include/tutorial_interfaces/tutorial_interfaces/srv/detail\n'}
[55.921253] (tutorial_interfaces) StdoutLine: {'line': b'-- Installing: /home/ras/DUM-E_ROSCode/ros2_ws/install/tutorial_interfaces/include/tutorial_interfaces/tutorial_interfaces/srv/detail/add_three_ints__type_support.cpp\n'}
[55.922463] (tutorial_interfaces) StdoutLine: {'line': b'-- Installing: /home/ras/DUM-E_ROSCode/ros2_ws/install/tutorial_interfaces/include/tutorial_interfaces/tutorial_interfaces/srv/detail/add_three_ints__rosidl_typesupport_introspection_cpp.hpp\n'}
[55.923816] (tutorial_interfaces) StdoutLine: {'line': b'-- Up-to-date: /home/ras/DUM-E_ROSCode/ros2_ws/install/tutorial_interfaces/include/tutorial_interfaces/tutorial_interfaces/msg\n'}
[55.924916] (tutorial_interfaces) StdoutLine: {'line': b'-- Up-to-date: /home/ras/DUM-E_ROSCode/ros2_ws/install/tutorial_interfaces/include/tutorial_interfaces/tutorial_interfaces/msg/detail\n'}
[55.925459] (tutorial_interfaces) StdoutLine: {'line': b'-- Installing: /home/ras/DUM-E_ROSCode/ros2_ws/install/tutorial_interfaces/include/tutorial_interfaces/tutorial_interfaces/msg/detail/num__rosidl_typesupport_introspection_cpp.hpp\n'}
[55.926290] (tutorial_interfaces) StdoutLine: {'line': b'-- Installing: /home/ras/DUM-E_ROSCode/ros2_ws/install/tutorial_interfaces/include/tutorial_interfaces/tutorial_interfaces/msg/detail/num__type_support.cpp\n'}
[55.927522] (tutorial_interfaces) StdoutLine: {'line': b'-- Installing: /home/ras/DUM-E_ROSCode/ros2_ws/install/tutorial_interfaces/include/tutorial_interfaces/tutorial_interfaces/msg/detail/sphere__rosidl_typesupport_introspection_cpp.hpp\n'}
[55.928731] (tutorial_interfaces) StdoutLine: {'line': b'-- Installing: /home/ras/DUM-E_ROSCode/ros2_ws/install/tutorial_interfaces/include/tutorial_interfaces/tutorial_interfaces/msg/detail/sphere__type_support.cpp\n'}
[55.930283] (tutorial_interfaces) StdoutLine: {'line': b'-- Installing: /home/ras/DUM-E_ROSCode/ros2_ws/install/tutorial_interfaces/lib/libtutorial_interfaces__rosidl_typesupport_introspection_cpp.so\n'}
[55.933873] (tutorial_interfaces) StdoutLine: {'line': b'-- Set non-toolchain portion of runtime path of "/home/ras/DUM-E_ROSCode/ros2_ws/install/tutorial_interfaces/lib/libtutorial_interfaces__rosidl_typesupport_introspection_cpp.so" to ""\n'}
[55.934564] (tutorial_interfaces) StdoutLine: {'line': b'-- Installing: /home/ras/DUM-E_ROSCode/ros2_ws/install/tutorial_interfaces/lib/libtutorial_interfaces__rosidl_typesupport_cpp.so\n'}
[55.937757] (tutorial_interfaces) StdoutLine: {'line': b'-- Set non-toolchain portion of runtime path of "/home/ras/DUM-E_ROSCode/ros2_ws/install/tutorial_interfaces/lib/libtutorial_interfaces__rosidl_typesupport_cpp.so" to ""\n'}
[55.938440] (tutorial_interfaces) StdoutLine: {'line': b'-- Installing: /home/ras/DUM-E_ROSCode/ros2_ws/install/tutorial_interfaces/share/tutorial_interfaces/environment/pythonpath.sh\n'}
[55.939522] (tutorial_interfaces) StdoutLine: {'line': b'-- Installing: /home/ras/DUM-E_ROSCode/ros2_ws/install/tutorial_interfaces/share/tutorial_interfaces/environment/pythonpath.dsv\n'}
[55.940669] (tutorial_interfaces) StdoutLine: {'line': b'-- Installing: /home/ras/DUM-E_ROSCode/ros2_ws/install/tutorial_interfaces/lib/python3.12/site-packages/tutorial_interfaces-0.0.0-py3.12.egg-info\n'}
[55.941657] (tutorial_interfaces) StdoutLine: {'line': b'-- Installing: /home/ras/DUM-E_ROSCode/ros2_ws/install/tutorial_interfaces/lib/python3.12/site-packages/tutorial_interfaces-0.0.0-py3.12.egg-info/dependency_links.txt\n'}
[55.942868] (tutorial_interfaces) StdoutLine: {'line': b'-- Installing: /home/ras/DUM-E_ROSCode/ros2_ws/install/tutorial_interfaces/lib/python3.12/site-packages/tutorial_interfaces-0.0.0-py3.12.egg-info/PKG-INFO\n'}
[55.944226] (tutorial_interfaces) StdoutLine: {'line': b'-- Installing: /home/ras/DUM-E_ROSCode/ros2_ws/install/tutorial_interfaces/lib/python3.12/site-packages/tutorial_interfaces-0.0.0-py3.12.egg-info/top_level.txt\n'}
[55.964971] (-) TimerEvent: {}
[55.967785] (tutorial_interfaces) StdoutLine: {'line': b'-- Installing: /home/ras/DUM-E_ROSCode/ros2_ws/install/tutorial_interfaces/lib/python3.12/site-packages/tutorial_interfaces-0.0.0-py3.12.egg-info/SOURCES.txt\n'}
[55.971376] (tutorial_interfaces) StdoutLine: {'line': b'-- Installing: /home/ras/DUM-E_ROSCode/ros2_ws/install/tutorial_interfaces/lib/python3.12/site-packages/tutorial_interfaces\n'}
[55.972889] (tutorial_interfaces) StdoutLine: {'line': b'-- Installing: /home/ras/DUM-E_ROSCode/ros2_ws/install/tutorial_interfaces/lib/python3.12/site-packages/tutorial_interfaces/_tutorial_interfaces_s.ep.rosidl_typesupport_fastrtps_c.c\n'}
[55.975696] (tutorial_interfaces) StdoutLine: {'line': b'-- Installing: /home/ras/DUM-E_ROSCode/ros2_ws/install/tutorial_interfaces/lib/python3.12/site-packages/tutorial_interfaces/tutorial_interfaces_s__rosidl_typesupport_fastrtps_c.so\n'}
[55.979283] (tutorial_interfaces) StdoutLine: {'line': b'-- Installing: /home/ras/DUM-E_ROSCode/ros2_ws/install/tutorial_interfaces/lib/python3.12/site-packages/tutorial_interfaces/tutorial_interfaces_s__rosidl_typesupport_introspection_c.so\n'}
[55.981947] (tutorial_interfaces) StdoutLine: {'line': b'-- Installing: /home/ras/DUM-E_ROSCode/ros2_ws/install/tutorial_interfaces/lib/python3.12/site-packages/tutorial_interfaces/srv\n'}
[55.982621] (tutorial_interfaces) StdoutLine: {'line': b'-- Installing: /home/ras/DUM-E_ROSCode/ros2_ws/install/tutorial_interfaces/lib/python3.12/site-packages/tutorial_interfaces/srv/_add_three_ints.py\n'}
[55.984035] (tutorial_interfaces) StdoutLine: {'line': b'-- Installing: /home/ras/DUM-E_ROSCode/ros2_ws/install/tutorial_interfaces/lib/python3.12/site-packages/tutorial_interfaces/srv/_add_three_ints_s.c\n'}
[55.985229] (tutorial_interfaces) StdoutLine: {'line': b'-- Installing: /home/ras/DUM-E_ROSCode/ros2_ws/install/tutorial_interfaces/lib/python3.12/site-packages/tutorial_interfaces/srv/__init__.py\n'}
[55.986367] (tutorial_interfaces) StdoutLine: {'line': b'-- Installing: /home/ras/DUM-E_ROSCode/ros2_ws/install/tutorial_interfaces/lib/python3.12/site-packages/tutorial_interfaces/tutorial_interfaces_s__rosidl_typesupport_c.so\n'}
[55.988150] (tutorial_interfaces) StdoutLine: {'line': b'-- Installing: /home/ras/DUM-E_ROSCode/ros2_ws/install/tutorial_interfaces/lib/python3.12/site-packages/tutorial_interfaces/_tutorial_interfaces_s.ep.rosidl_typesupport_introspection_c.c\n'}
[55.989591] (tutorial_interfaces) StdoutLine: {'line': b'-- Installing: /home/ras/DUM-E_ROSCode/ros2_ws/install/tutorial_interfaces/lib/python3.12/site-packages/tutorial_interfaces/__init__.py\n'}
[55.990496] (tutorial_interfaces) StdoutLine: {'line': b'-- Installing: /home/ras/DUM-E_ROSCode/ros2_ws/install/tutorial_interfaces/lib/python3.12/site-packages/tutorial_interfaces/msg\n'}
[55.991264] (tutorial_interfaces) StdoutLine: {'line': b'-- Installing: /home/ras/DUM-E_ROSCode/ros2_ws/install/tutorial_interfaces/lib/python3.12/site-packages/tutorial_interfaces/msg/_sphere_s.c\n'}
[55.992545] (tutorial_interfaces) StdoutLine: {'line': b'-- Installing: /home/ras/DUM-E_ROSCode/ros2_ws/install/tutorial_interfaces/lib/python3.12/site-packages/tutorial_interfaces/msg/_num_s.c\n'}
[55.993641] (tutorial_interfaces) StdoutLine: {'line': b'-- Installing: /home/ras/DUM-E_ROSCode/ros2_ws/install/tutorial_interfaces/lib/python3.12/site-packages/tutorial_interfaces/msg/_sphere.py\n'}
[55.994770] (tutorial_interfaces) StdoutLine: {'line': b'-- Installing: /home/ras/DUM-E_ROSCode/ros2_ws/install/tutorial_interfaces/lib/python3.12/site-packages/tutorial_interfaces/msg/__init__.py\n'}
[55.995839] (tutorial_interfaces) StdoutLine: {'line': b'-- Installing: /home/ras/DUM-E_ROSCode/ros2_ws/install/tutorial_interfaces/lib/python3.12/site-packages/tutorial_interfaces/msg/_num.py\n'}
[55.996969] (tutorial_interfaces) StdoutLine: {'line': b'-- Installing: /home/ras/DUM-E_ROSCode/ros2_ws/install/tutorial_interfaces/lib/python3.12/site-packages/tutorial_interfaces/_tutorial_interfaces_s.ep.rosidl_typesupport_c.c\n'}
[56.065119] (-) TimerEvent: {}
[56.165765] (-) TimerEvent: {}
[56.184298] (tutorial_interfaces) StdoutLine: {'line': b"Listing '/home/ras/DUM-E_ROSCode/ros2_ws/install/tutorial_interfaces/lib/python3.12/site-packages/tutorial_interfaces'...\n"}
[56.185645] (tutorial_interfaces) StdoutLine: {'line': b"Compiling '/home/ras/DUM-E_ROSCode/ros2_ws/install/tutorial_interfaces/lib/python3.12/site-packages/tutorial_interfaces/__init__.py'...\n"}
[56.186511] (tutorial_interfaces) StdoutLine: {'line': b"Listing '/home/ras/DUM-E_ROSCode/ros2_ws/install/tutorial_interfaces/lib/python3.12/site-packages/tutorial_interfaces/msg'...\n"}
[56.187505] (tutorial_interfaces) StdoutLine: {'line': b"Compiling '/home/ras/DUM-E_ROSCode/ros2_ws/install/tutorial_interfaces/lib/python3.12/site-packages/tutorial_interfaces/msg/__init__.py'...\n"}
[56.188388] (tutorial_interfaces) StdoutLine: {'line': b"Compiling '/home/ras/DUM-E_ROSCode/ros2_ws/install/tutorial_interfaces/lib/python3.12/site-packages/tutorial_interfaces/msg/_num.py'...\n"}
[56.189177] (tutorial_interfaces) StdoutLine: {'line': b"Compiling '/home/ras/DUM-E_ROSCode/ros2_ws/install/tutorial_interfaces/lib/python3.12/site-packages/tutorial_interfaces/msg/_sphere.py'...\n"}
[56.190257] (tutorial_interfaces) StdoutLine: {'line': b"Listing '/home/ras/DUM-E_ROSCode/ros2_ws/install/tutorial_interfaces/lib/python3.12/site-packages/tutorial_interfaces/srv'...\n"}
[56.191166] (tutorial_interfaces) StdoutLine: {'line': b"Compiling '/home/ras/DUM-E_ROSCode/ros2_ws/install/tutorial_interfaces/lib/python3.12/site-packages/tutorial_interfaces/srv/__init__.py'...\n"}
[56.191827] (tutorial_interfaces) StdoutLine: {'line': b"Compiling '/home/ras/DUM-E_ROSCode/ros2_ws/install/tutorial_interfaces/lib/python3.12/site-packages/tutorial_interfaces/srv/_add_three_ints.py'...\n"}
[56.215788] (tutorial_interfaces) StdoutLine: {'line': b'-- Installing: /home/ras/DUM-E_ROSCode/ros2_ws/install/tutorial_interfaces/lib/python3.12/site-packages/tutorial_interfaces/tutorial_interfaces_s__rosidl_typesupport_fastrtps_c.so\n'}
[56.218777] (tutorial_interfaces) StdoutLine: {'line': b'-- Set non-toolchain portion of runtime path of "/home/ras/DUM-E_ROSCode/ros2_ws/install/tutorial_interfaces/lib/python3.12/site-packages/tutorial_interfaces/tutorial_interfaces_s__rosidl_typesupport_fastrtps_c.so" to ""\n'}
[56.220795] (tutorial_interfaces) StdoutLine: {'line': b'-- Installing: /home/ras/DUM-E_ROSCode/ros2_ws/install/tutorial_interfaces/lib/python3.12/site-packages/tutorial_interfaces/tutorial_interfaces_s__rosidl_typesupport_introspection_c.so\n'}
[56.224470] (tutorial_interfaces) StdoutLine: {'line': b'-- Set non-toolchain portion of runtime path of "/home/ras/DUM-E_ROSCode/ros2_ws/install/tutorial_interfaces/lib/python3.12/site-packages/tutorial_interfaces/tutorial_interfaces_s__rosidl_typesupport_introspection_c.so" to ""\n'}
[56.226456] (tutorial_interfaces) StdoutLine: {'line': b'-- Installing: /home/ras/DUM-E_ROSCode/ros2_ws/install/tutorial_interfaces/lib/python3.12/site-packages/tutorial_interfaces/tutorial_interfaces_s__rosidl_typesupport_c.so\n'}
[56.230149] (tutorial_interfaces) StdoutLine: {'line': b'-- Set non-toolchain portion of runtime path of "/home/ras/DUM-E_ROSCode/ros2_ws/install/tutorial_interfaces/lib/python3.12/site-packages/tutorial_interfaces/tutorial_interfaces_s__rosidl_typesupport_c.so" to ""\n'}
[56.230876] (tutorial_interfaces) StdoutLine: {'line': b'-- Installing: /home/ras/DUM-E_ROSCode/ros2_ws/install/tutorial_interfaces/lib/libtutorial_interfaces__rosidl_generator_py.so\n'}
[56.234230] (tutorial_interfaces) StdoutLine: {'line': b'-- Set non-toolchain portion of runtime path of "/home/ras/DUM-E_ROSCode/ros2_ws/install/tutorial_interfaces/lib/libtutorial_interfaces__rosidl_generator_py.so" to ""\n'}
[56.234961] (tutorial_interfaces) StdoutLine: {'line': b'-- Installing: /home/ras/DUM-E_ROSCode/ros2_ws/install/tutorial_interfaces/share/tutorial_interfaces/msg/Num.idl\n'}
[56.235923] (tutorial_interfaces) StdoutLine: {'line': b'-- Installing: /home/ras/DUM-E_ROSCode/ros2_ws/install/tutorial_interfaces/share/tutorial_interfaces/msg/Sphere.idl\n'}
[56.237151] (tutorial_interfaces) StdoutLine: {'line': b'-- Installing: /home/ras/DUM-E_ROSCode/ros2_ws/install/tutorial_interfaces/share/tutorial_interfaces/srv/AddThreeInts.idl\n'}
[56.238346] (tutorial_interfaces) StdoutLine: {'line': b'-- Installing: /home/ras/DUM-E_ROSCode/ros2_ws/install/tutorial_interfaces/share/tutorial_interfaces/msg/Num.msg\n'}
[56.239402] (tutorial_interfaces) StdoutLine: {'line': b'-- Installing: /home/ras/DUM-E_ROSCode/ros2_ws/install/tutorial_interfaces/share/tutorial_interfaces/msg/Sphere.msg\n'}
[56.240506] (tutorial_interfaces) StdoutLine: {'line': b'-- Installing: /home/ras/DUM-E_ROSCode/ros2_ws/install/tutorial_interfaces/share/tutorial_interfaces/srv/AddThreeInts.srv\n'}
[56.242034] (tutorial_interfaces) StdoutLine: {'line': b'-- Installing: /home/ras/DUM-E_ROSCode/ros2_ws/install/tutorial_interfaces/share/ament_index/resource_index/package_run_dependencies/tutorial_interfaces\n'}
[56.243727] (tutorial_interfaces) StdoutLine: {'line': b'-- Installing: /home/ras/DUM-E_ROSCode/ros2_ws/install/tutorial_interfaces/share/ament_index/resource_index/parent_prefix_path/tutorial_interfaces\n'}
[56.245065] (tutorial_interfaces) StdoutLine: {'line': b'-- Installing: /home/ras/DUM-E_ROSCode/ros2_ws/install/tutorial_interfaces/share/tutorial_interfaces/environment/ament_prefix_path.sh\n'}
[56.246481] (tutorial_interfaces) StdoutLine: {'line': b'-- Installing: /home/ras/DUM-E_ROSCode/ros2_ws/install/tutorial_interfaces/share/tutorial_interfaces/environment/ament_prefix_path.dsv\n'}
[56.247867] (tutorial_interfaces) StdoutLine: {'line': b'-- Installing: /home/ras/DUM-E_ROSCode/ros2_ws/install/tutorial_interfaces/share/tutorial_interfaces/environment/path.sh\n'}
[56.249294] (tutorial_interfaces) StdoutLine: {'line': b'-- Installing: /home/ras/DUM-E_ROSCode/ros2_ws/install/tutorial_interfaces/share/tutorial_interfaces/environment/path.dsv\n'}
[56.250724] (tutorial_interfaces) StdoutLine: {'line': b'-- Installing: /home/ras/DUM-E_ROSCode/ros2_ws/install/tutorial_interfaces/share/tutorial_interfaces/local_setup.bash\n'}
[56.252170] (tutorial_interfaces) StdoutLine: {'line': b'-- Installing: /home/ras/DUM-E_ROSCode/ros2_ws/install/tutorial_interfaces/share/tutorial_interfaces/local_setup.sh\n'}
[56.253656] (tutorial_interfaces) StdoutLine: {'line': b'-- Installing: /home/ras/DUM-E_ROSCode/ros2_ws/install/tutorial_interfaces/share/tutorial_interfaces/local_setup.zsh\n'}
[56.254852] (tutorial_interfaces) StdoutLine: {'line': b'-- Installing: /home/ras/DUM-E_ROSCode/ros2_ws/install/tutorial_interfaces/share/tutorial_interfaces/local_setup.dsv\n'}
[56.256008] (tutorial_interfaces) StdoutLine: {'line': b'-- Installing: /home/ras/DUM-E_ROSCode/ros2_ws/install/tutorial_interfaces/share/tutorial_interfaces/package.dsv\n'}
[56.257556] (tutorial_interfaces) StdoutLine: {'line': b'-- Installing: /home/ras/DUM-E_ROSCode/ros2_ws/install/tutorial_interfaces/share/ament_index/resource_index/packages/tutorial_interfaces\n'}
[56.259234] (tutorial_interfaces) StdoutLine: {'line': b'-- Installing: /home/ras/DUM-E_ROSCode/ros2_ws/install/tutorial_interfaces/share/tutorial_interfaces/cmake/export_tutorial_interfaces__rosidl_generator_cExport.cmake\n'}
[56.260720] (tutorial_interfaces) StdoutLine: {'line': b'-- Installing: /home/ras/DUM-E_ROSCode/ros2_ws/install/tutorial_interfaces/share/tutorial_interfaces/cmake/export_tutorial_interfaces__rosidl_generator_cExport-noconfig.cmake\n'}
[56.262280] (tutorial_interfaces) StdoutLine: {'line': b'-- Installing: /home/ras/DUM-E_ROSCode/ros2_ws/install/tutorial_interfaces/share/tutorial_interfaces/cmake/export_tutorial_interfaces__rosidl_typesupport_fastrtps_cExport.cmake\n'}
[56.263812] (tutorial_interfaces) StdoutLine: {'line': b'-- Installing: /home/ras/DUM-E_ROSCode/ros2_ws/install/tutorial_interfaces/share/tutorial_interfaces/cmake/export_tutorial_interfaces__rosidl_typesupport_fastrtps_cExport-noconfig.cmake\n'}
[56.265446] (tutorial_interfaces) StdoutLine: {'line': b'-- Installing: /home/ras/DUM-E_ROSCode/ros2_ws/install/tutorial_interfaces/share/tutorial_interfaces/cmake/export_tutorial_interfaces__rosidl_generator_cppExport.cmake\n'}
[56.265921] (-) TimerEvent: {}
[56.267049] (tutorial_interfaces) StdoutLine: {'line': b'-- Installing: /home/ras/DUM-E_ROSCode/ros2_ws/install/tutorial_interfaces/share/tutorial_interfaces/cmake/export_tutorial_interfaces__rosidl_typesupport_fastrtps_cppExport.cmake\n'}
[56.268686] (tutorial_interfaces) StdoutLine: {'line': b'-- Installing: /home/ras/DUM-E_ROSCode/ros2_ws/install/tutorial_interfaces/share/tutorial_interfaces/cmake/export_tutorial_interfaces__rosidl_typesupport_fastrtps_cppExport-noconfig.cmake\n'}
[56.270261] (tutorial_interfaces) StdoutLine: {'line': b'-- Installing: /home/ras/DUM-E_ROSCode/ros2_ws/install/tutorial_interfaces/share/tutorial_interfaces/cmake/tutorial_interfaces__rosidl_typesupport_introspection_cExport.cmake\n'}
[56.271810] (tutorial_interfaces) StdoutLine: {'line': b'-- Installing: /home/ras/DUM-E_ROSCode/ros2_ws/install/tutorial_interfaces/share/tutorial_interfaces/cmake/tutorial_interfaces__rosidl_typesupport_introspection_cExport-noconfig.cmake\n'}
[56.273384] (tutorial_interfaces) StdoutLine: {'line': b'-- Installing: /home/ras/DUM-E_ROSCode/ros2_ws/install/tutorial_interfaces/share/tutorial_interfaces/cmake/tutorial_interfaces__rosidl_typesupport_cExport.cmake\n'}
[56.274862] (tutorial_interfaces) StdoutLine: {'line': b'-- Installing: /home/ras/DUM-E_ROSCode/ros2_ws/install/tutorial_interfaces/share/tutorial_interfaces/cmake/tutorial_interfaces__rosidl_typesupport_cExport-noconfig.cmake\n'}
[56.276397] (tutorial_interfaces) StdoutLine: {'line': b'-- Installing: /home/ras/DUM-E_ROSCode/ros2_ws/install/tutorial_interfaces/share/tutorial_interfaces/cmake/tutorial_interfaces__rosidl_typesupport_introspection_cppExport.cmake\n'}
[56.277921] (tutorial_interfaces) StdoutLine: {'line': b'-- Installing: /home/ras/DUM-E_ROSCode/ros2_ws/install/tutorial_interfaces/share/tutorial_interfaces/cmake/tutorial_interfaces__rosidl_typesupport_introspection_cppExport-noconfig.cmake\n'}
[56.279495] (tutorial_interfaces) StdoutLine: {'line': b'-- Installing: /home/ras/DUM-E_ROSCode/ros2_ws/install/tutorial_interfaces/share/tutorial_interfaces/cmake/tutorial_interfaces__rosidl_typesupport_cppExport.cmake\n'}
[56.281060] (tutorial_interfaces) StdoutLine: {'line': b'-- Installing: /home/ras/DUM-E_ROSCode/ros2_ws/install/tutorial_interfaces/share/tutorial_interfaces/cmake/tutorial_interfaces__rosidl_typesupport_cppExport-noconfig.cmake\n'}
[56.282580] (tutorial_interfaces) StdoutLine: {'line': b'-- Installing: /home/ras/DUM-E_ROSCode/ros2_ws/install/tutorial_interfaces/share/tutorial_interfaces/cmake/export_tutorial_interfaces__rosidl_generator_pyExport.cmake\n'}
[56.284072] (tutorial_interfaces) StdoutLine: {'line': b'-- Installing: /home/ras/DUM-E_ROSCode/ros2_ws/install/tutorial_interfaces/share/tutorial_interfaces/cmake/export_tutorial_interfaces__rosidl_generator_pyExport-noconfig.cmake\n'}
[56.285537] (tutorial_interfaces) StdoutLine: {'line': b'-- Installing: /home/ras/DUM-E_ROSCode/ros2_ws/install/tutorial_interfaces/share/tutorial_interfaces/cmake/rosidl_cmake-extras.cmake\n'}
[56.286799] (tutorial_interfaces) StdoutLine: {'line': b'-- Installing: /home/ras/DUM-E_ROSCode/ros2_ws/install/tutorial_interfaces/share/tutorial_interfaces/cmake/ament_cmake_export_dependencies-extras.cmake\n'}
[56.288215] (tutorial_interfaces) StdoutLine: {'line': b'-- Installing: /home/ras/DUM-E_ROSCode/ros2_ws/install/tutorial_interfaces/share/tutorial_interfaces/cmake/ament_cmake_export_include_directories-extras.cmake\n'}
[56.289690] (tutorial_interfaces) StdoutLine: {'line': b'-- Installing: /home/ras/DUM-E_ROSCode/ros2_ws/install/tutorial_interfaces/share/tutorial_interfaces/cmake/ament_cmake_export_libraries-extras.cmake\n'}
[56.291001] (tutorial_interfaces) StdoutLine: {'line': b'-- Installing: /home/ras/DUM-E_ROSCode/ros2_ws/install/tutorial_interfaces/share/tutorial_interfaces/cmake/ament_cmake_export_targets-extras.cmake\n'}
[56.292353] (tutorial_interfaces) StdoutLine: {'line': b'-- Installing: /home/ras/DUM-E_ROSCode/ros2_ws/install/tutorial_interfaces/share/tutorial_interfaces/cmake/rosidl_cmake_export_typesupport_targets-extras.cmake\n'}
[56.293673] (tutorial_interfaces) StdoutLine: {'line': b'-- Installing: /home/ras/DUM-E_ROSCode/ros2_ws/install/tutorial_interfaces/share/tutorial_interfaces/cmake/rosidl_cmake_export_typesupport_libraries-extras.cmake\n'}
[56.294978] (tutorial_interfaces) StdoutLine: {'line': b'-- Installing: /home/ras/DUM-E_ROSCode/ros2_ws/install/tutorial_interfaces/share/tutorial_interfaces/cmake/tutorial_interfacesConfig.cmake\n'}
[56.296098] (tutorial_interfaces) StdoutLine: {'line': b'-- Installing: /home/ras/DUM-E_ROSCode/ros2_ws/install/tutorial_interfaces/share/tutorial_interfaces/cmake/tutorial_interfacesConfig-version.cmake\n'}
[56.297313] (tutorial_interfaces) StdoutLine: {'line': b'-- Installing: /home/ras/DUM-E_ROSCode/ros2_ws/install/tutorial_interfaces/share/tutorial_interfaces/package.xml\n'}
[56.305650] (tutorial_interfaces) CommandEnded: {'returncode': 0}
[56.366099] (-) TimerEvent: {}
[56.391818] (tutorial_interfaces) JobEnded: {'identifier': 'tutorial_interfaces', 'rc': 0}
[56.395518] (py_srvcli) JobStarted: {'identifier': 'py_srvcli'}
[56.466367] (-) TimerEvent: {}
[56.567067] (-) TimerEvent: {}
[56.667693] (-) TimerEvent: {}
[56.768249] (-) TimerEvent: {}
[56.868811] (-) TimerEvent: {}
[56.969398] (-) TimerEvent: {}
[57.069956] (-) TimerEvent: {}
[57.170608] (-) TimerEvent: {}
[57.271134] (-) TimerEvent: {}
[57.371805] (-) TimerEvent: {}
[57.472527] (-) TimerEvent: {}
[57.573316] (-) TimerEvent: {}
[57.673939] (-) TimerEvent: {}
[57.774488] (-) TimerEvent: {}
[57.875030] (-) TimerEvent: {}
[57.975638] (-) TimerEvent: {}
[58.076170] (-) TimerEvent: {}
[58.176746] (-) TimerEvent: {}
[58.277308] (-) TimerEvent: {}
[58.377879] (-) TimerEvent: {}
[58.478431] (-) TimerEvent: {}
[58.578960] (-) TimerEvent: {}
[58.679545] (-) TimerEvent: {}
[58.780074] (-) TimerEvent: {}
[58.880646] (-) TimerEvent: {}
[58.981179] (-) TimerEvent: {}
[59.081776] (-) TimerEvent: {}
[59.182297] (-) TimerEvent: {}
[59.282877] (-) TimerEvent: {}
[59.383440] (-) TimerEvent: {}
[59.483981] (-) TimerEvent: {}
[59.584550] (-) TimerEvent: {}
[59.685057] (-) TimerEvent: {}
[59.785643] (-) TimerEvent: {}
[59.886176] (-) TimerEvent: {}
[59.986834] (-) TimerEvent: {}
[60.087785] (-) TimerEvent: {}
[60.128067] (py_srvcli) Command: {'cmd': ['/usr/bin/python3', '-W', 'ignore:setup.py install is deprecated', '-W', 'ignore:easy_install command is deprecated', 'setup.py', 'egg_info', '--egg-base', '../../build/py_srvcli', 'build', '--build-base', '/home/ras/DUM-E_ROSCode/ros2_ws/build/py_srvcli/build', 'install', '--record', '/home/ras/DUM-E_ROSCode/ros2_ws/build/py_srvcli/install.log', '--single-version-externally-managed', 'install_data'], 'cwd': '/home/ras/DUM-E_ROSCode/ros2_ws/src/py_srvcli', 'env': {'LESSOPEN': '| /usr/bin/lesspipe %s', 'USER': 'ras', 'SSH_CLIENT': '145.93.117.102 55360 22', 'LC_TIME': 'nl_NL.UTF-8', 'XDG_SESSION_TYPE': 'tty', 'SHLVL': '1', 'LD_LIBRARY_PATH': '/home/ras/DUM-E_ROSCode/ros2_ws/install/tutorial_interfaces/lib:/home/ras/DUM-E_ROSCode/ros2_ws/install/arduino_interfaces/lib:/opt/ros/jazzy/opt/rviz_ogre_vendor/lib:/opt/ros/jazzy/lib/aarch64-linux-gnu:/opt/ros/jazzy/opt/gz_math_vendor/lib:/opt/ros/jazzy/opt/gz_utils_vendor/lib:/opt/ros/jazzy/opt/gz_cmake_vendor/lib:/opt/ros/jazzy/lib', 'HOME': '/home/ras', 'OLDPWD': '/home/ras/DUM-E_ROSCode', 'SSH_TTY': '/dev/pts/3', 'ROS_PYTHON_VERSION': '3', 'LC_MONETARY': 'nl_NL.UTF-8', 'DBUS_SESSION_BUS_ADDRESS': 'unix:path=/run/user/1002/bus', 'DEBUGINFOD_URLS': 'https://debuginfod.ubuntu.com', 'ROS_DISTRO': 'jazzy', 'LOGNAME': 'ras', '_': '/usr/bin/colcon', 'ROS_VERSION': '2', 'XDG_SESSION_CLASS': 'user', 'TERM': 'xterm-256color', 'XDG_SESSION_ID': '28', 'PATH': '/opt/ros/jazzy/bin:/home/ras/.local/bin:/usr/local/sbin:/usr/local/bin:/usr/sbin:/usr/bin:/sbin:/bin:/usr/games:/usr/local/games:/snap/bin', 'LC_ADDRESS': 'nl_NL.UTF-8', 'XDG_RUNTIME_DIR': '/run/user/1002', 'LANG': 'C.UTF-8', 'LC_TELEPHONE': 'nl_NL.UTF-8', 'LS_COLORS': 'rs=0:di=01;34:ln=01;36:mh=00:pi=40;33:so=01;35:do=01;35:bd=40;33;01:cd=40;33;01:or=40;31;01:mi=00:su=37;41:sg=30;43:ca=00:tw=30;42:ow=34;42:st=37;44:ex=01;32:*.tar=01;31:*.tgz=01;31:*.arc=01;31:*.arj=01;31:*.taz=01;31:*.lha=01;31:*.lz4=01;31:*.lzh=01;31:*.lzma=01;31:*.tlz=01;31:*.txz=01;31:*.tzo=01;31:*.t7z=01;31:*.zip=01;31:*.z=01;31:*.dz=01;31:*.gz=01;31:*.lrz=01;31:*.lz=01;31:*.lzo=01;31:*.xz=01;31:*.zst=01;31:*.tzst=01;31:*.bz2=01;31:*.bz=01;31:*.tbz=01;31:*.tbz2=01;31:*.tz=01;31:*.deb=01;31:*.rpm=01;31:*.jar=01;31:*.war=01;31:*.ear=01;31:*.sar=01;31:*.rar=01;31:*.alz=01;31:*.ace=01;31:*.zoo=01;31:*.cpio=01;31:*.7z=01;31:*.rz=01;31:*.cab=01;31:*.wim=01;31:*.swm=01;31:*.dwm=01;31:*.esd=01;31:*.avif=01;35:*.jpg=01;35:*.jpeg=01;35:*.mjpg=01;35:*.mjpeg=01;35:*.gif=01;35:*.bmp=01;35:*.pbm=01;35:*.pgm=01;35:*.ppm=01;35:*.tga=01;35:*.xbm=01;35:*.xpm=01;35:*.tif=01;35:*.tiff=01;35:*.png=01;35:*.svg=01;35:*.svgz=01;35:*.mng=01;35:*.pcx=01;35:*.mov=01;35:*.mpg=01;35:*.mpeg=01;35:*.m2v=01;35:*.mkv=01;35:*.webm=01;35:*.webp=01;35:*.ogm=01;35:*.mp4=01;35:*.m4v=01;35:*.mp4v=01;35:*.vob=01;35:*.qt=01;35:*.nuv=01;35:*.wmv=01;35:*.asf=01;35:*.rm=01;35:*.rmvb=01;35:*.flc=01;35:*.avi=01;35:*.fli=01;35:*.flv=01;35:*.gl=01;35:*.dl=01;35:*.xcf=01;35:*.xwd=01;35:*.yuv=01;35:*.cgm=01;35:*.emf=01;35:*.ogv=01;35:*.ogx=01;35:*.aac=00;36:*.au=00;36:*.flac=00;36:*.m4a=00;36:*.mid=00;36:*.midi=00;36:*.mka=00;36:*.mp3=00;36:*.mpc=00;36:*.ogg=00;36:*.ra=00;36:*.wav=00;36:*.oga=00;36:*.opus=00;36:*.spx=00;36:*.xspf=00;36:*~=00;90:*#=00;90:*.bak=00;90:*.crdownload=00;90:*.dpkg-dist=00;90:*.dpkg-new=00;90:*.dpkg-old=00;90:*.dpkg-tmp=00;90:*.old=00;90:*.orig=00;90:*.part=00;90:*.rej=00;90:*.rpmnew=00;90:*.rpmorig=00;90:*.rpmsave=00;90:*.swp=00;90:*.tmp=00;90:*.ucf-dist=00;90:*.ucf-new=00;90:*.ucf-old=00;90:', 'AMENT_PREFIX_PATH': '/home/ras/DUM-E_ROSCode/ros2_ws/install/tutorial_interfaces:/home/ras/DUM-E_ROSCode/ros2_ws/install/arduino_interfaces:/opt/ros/jazzy', 'SHELL': '/bin/bash', 'LC_NAME': 'nl_NL.UTF-8', 'LESSCLOSE': '/usr/bin/lesspipe %s %s', 'LC_MEASUREMENT': 'nl_NL.UTF-8', 'LC_IDENTIFICATION': 'nl_NL.UTF-8', 'ROS_AUTOMATIC_DISCOVERY_RANGE': 'SUBNET', 'PWD': '/home/ras/DUM-E_ROSCode/ros2_ws/build/py_srvcli', 'LC_ALL': 'en_US.UTF-8', 'SSH_CONNECTION': '145.93.117.102 55360 145.93.236.46 22', 'XDG_DATA_DIRS': '/usr/share/gnome:/usr/local/share:/usr/share:/var/lib/snapd/desktop', 'PYTHONPATH': '/home/ras/DUM-E_ROSCode/ros2_ws/build/py_srvcli/prefix_override:/usr/lib/python3/dist-packages/colcon_core/task/python/colcon_distutils_commands:/home/ras/DUM-E_ROSCode/ros2_ws/install/py_srvcli/lib/python3.12/site-packages:/home/ras/DUM-E_ROSCode/ros2_ws/install/tutorial_interfaces/lib/python3.12/site-packages:/home/ras/DUM-E_ROSCode/ros2_ws/install/arduino_interfaces/lib/python3.12/site-packages:/opt/ros/jazzy/lib/python3.12/site-packages', 'LC_NUMERIC': 'nl_NL.UTF-8', 'LC_PAPER': 'nl_NL.UTF-8', 'COLCON': '1', 'CMAKE_PREFIX_PATH': '/home/ras/DUM-E_ROSCode/ros2_ws/install/tutorial_interfaces:/home/ras/DUM-E_ROSCode/ros2_ws/install/arduino_interfaces:/opt/ros/jazzy/opt/gz_math_vendor:/opt/ros/jazzy/opt/gz_utils_vendor:/opt/ros/jazzy/opt/gz_cmake_vendor'}, 'shell': False}
[60.187944] (-) TimerEvent: {}
[60.288552] (-) TimerEvent: {}
[60.389092] (-) TimerEvent: {}
[60.489707] (-) TimerEvent: {}
[60.590267] (-) TimerEvent: {}
[60.690836] (-) TimerEvent: {}
[60.791400] (-) TimerEvent: {}
[60.891963] (-) TimerEvent: {}
[60.992474] (-) TimerEvent: {}
[61.093043] (-) TimerEvent: {}
[61.193600] (-) TimerEvent: {}
[61.294112] (-) TimerEvent: {}
[61.314653] (py_srvcli) StdoutLine: {'line': b'running egg_info\n'}
[61.315904] (py_srvcli) StdoutLine: {'line': b'creating ../../build/py_srvcli/py_srvcli.egg-info\n'}
[61.394259] (-) TimerEvent: {}
[61.405119] (py_srvcli) StdoutLine: {'line': b'writing ../../build/py_srvcli/py_srvcli.egg-info/PKG-INFO\n'}
[61.406438] (py_srvcli) StdoutLine: {'line': b'writing dependency_links to ../../build/py_srvcli/py_srvcli.egg-info/dependency_links.txt\n'}
[61.407280] (py_srvcli) StdoutLine: {'line': b'writing entry points to ../../build/py_srvcli/py_srvcli.egg-info/entry_points.txt\n'}
[61.408019] (py_srvcli) StdoutLine: {'line': b'writing requirements to ../../build/py_srvcli/py_srvcli.egg-info/requires.txt\n'}
[61.408728] (py_srvcli) StdoutLine: {'line': b'writing top-level names to ../../build/py_srvcli/py_srvcli.egg-info/top_level.txt\n'}
[61.409388] (py_srvcli) StdoutLine: {'line': b"writing manifest file '../../build/py_srvcli/py_srvcli.egg-info/SOURCES.txt'\n"}
[61.494511] (-) TimerEvent: {}
[61.593838] (py_srvcli) StdoutLine: {'line': b"reading manifest file '../../build/py_srvcli/py_srvcli.egg-info/SOURCES.txt'\n"}
[61.594604] (-) TimerEvent: {}
[61.595042] (py_srvcli) StdoutLine: {'line': b"adding license file 'LICENSE'\n"}
[61.596994] (py_srvcli) StdoutLine: {'line': b"writing manifest file '../../build/py_srvcli/py_srvcli.egg-info/SOURCES.txt'\n"}
[61.597749] (py_srvcli) StdoutLine: {'line': b'running build\n'}
[61.598260] (py_srvcli) StdoutLine: {'line': b'running build_py\n'}
[61.598782] (py_srvcli) StdoutLine: {'line': b'creating /home/ras/DUM-E_ROSCode/ros2_ws/build/py_srvcli/build\n'}
[61.599369] (py_srvcli) StdoutLine: {'line': b'creating /home/ras/DUM-E_ROSCode/ros2_ws/build/py_srvcli/build/lib\n'}
[61.600014] (py_srvcli) StdoutLine: {'line': b'creating /home/ras/DUM-E_ROSCode/ros2_ws/build/py_srvcli/build/lib/py_srvcli\n'}
[61.600680] (py_srvcli) StdoutLine: {'line': b'copying py_srvcli/client_arduino_function.py -> /home/ras/DUM-E_ROSCode/ros2_ws/build/py_srvcli/build/lib/py_srvcli\n'}
[61.601267] (py_srvcli) StdoutLine: {'line': b'copying py_srvcli/__init__.py -> /home/ras/DUM-E_ROSCode/ros2_ws/build/py_srvcli/build/lib/py_srvcli\n'}
[61.602065] (py_srvcli) StdoutLine: {'line': b'copying py_srvcli/service_arduino_function.py -> /home/ras/DUM-E_ROSCode/ros2_ws/build/py_srvcli/build/lib/py_srvcli\n'}
[61.603220] (py_srvcli) StdoutLine: {'line': b'creating /home/ras/DUM-E_ROSCode/ros2_ws/build/py_srvcli/build/lib/scripts\n'}
[61.603882] (py_srvcli) StdoutLine: {'line': b'copying scripts/__init__.py -> /home/ras/DUM-E_ROSCode/ros2_ws/build/py_srvcli/build/lib/scripts\n'}
[61.604670] (py_srvcli) StdoutLine: {'line': b'copying scripts/uart_classes.py -> /home/ras/DUM-E_ROSCode/ros2_ws/build/py_srvcli/build/lib/scripts\n'}
[61.606206] (py_srvcli) StdoutLine: {'line': b'running install\n'}
[61.629792] (py_srvcli) StdoutLine: {'line': b'running install_lib\n'}
[61.694773] (-) TimerEvent: {}
[61.722035] (py_srvcli) StdoutLine: {'line': b'creating /home/ras/DUM-E_ROSCode/ros2_ws/install/py_srvcli/lib/python3.12/site-packages/py_srvcli\n'}
[61.722679] (py_srvcli) StdoutLine: {'line': b'copying /home/ras/DUM-E_ROSCode/ros2_ws/build/py_srvcli/build/lib/py_srvcli/client_arduino_function.py -> /home/ras/DUM-E_ROSCode/ros2_ws/install/py_srvcli/lib/python3.12/site-packages/py_srvcli\n'}
[61.723521] (py_srvcli) StdoutLine: {'line': b'copying /home/ras/DUM-E_ROSCode/ros2_ws/build/py_srvcli/build/lib/py_srvcli/__init__.py -> /home/ras/DUM-E_ROSCode/ros2_ws/install/py_srvcli/lib/python3.12/site-packages/py_srvcli\n'}
[61.724248] (py_srvcli) StdoutLine: {'line': b'copying /home/ras/DUM-E_ROSCode/ros2_ws/build/py_srvcli/build/lib/py_srvcli/service_arduino_function.py -> /home/ras/DUM-E_ROSCode/ros2_ws/install/py_srvcli/lib/python3.12/site-packages/py_srvcli\n'}
[61.725208] (py_srvcli) StdoutLine: {'line': b'creating /home/ras/DUM-E_ROSCode/ros2_ws/install/py_srvcli/lib/python3.12/site-packages/scripts\n'}
[61.725759] (py_srvcli) StdoutLine: {'line': b'copying /home/ras/DUM-E_ROSCode/ros2_ws/build/py_srvcli/build/lib/scripts/__init__.py -> /home/ras/DUM-E_ROSCode/ros2_ws/install/py_srvcli/lib/python3.12/site-packages/scripts\n'}
[61.726536] (py_srvcli) StdoutLine: {'line': b'copying /home/ras/DUM-E_ROSCode/ros2_ws/build/py_srvcli/build/lib/scripts/uart_classes.py -> /home/ras/DUM-E_ROSCode/ros2_ws/install/py_srvcli/lib/python3.12/site-packages/scripts\n'}
[61.729117] (py_srvcli) StdoutLine: {'line': b'byte-compiling /home/ras/DUM-E_ROSCode/ros2_ws/install/py_srvcli/lib/python3.12/site-packages/py_srvcli/client_arduino_function.py to client_arduino_function.cpython-312.pyc\n'}
[61.732519] (py_srvcli) StdoutLine: {'line': b'byte-compiling /home/ras/DUM-E_ROSCode/ros2_ws/install/py_srvcli/lib/python3.12/site-packages/py_srvcli/__init__.py to __init__.cpython-312.pyc\n'}
[61.733990] (py_srvcli) StdoutLine: {'line': b'byte-compiling /home/ras/DUM-E_ROSCode/ros2_ws/install/py_srvcli/lib/python3.12/site-packages/py_srvcli/service_arduino_function.py to service_arduino_function.cpython-312.pyc\n'}
[61.736209] (py_srvcli) StdoutLine: {'line': b'byte-compiling /home/ras/DUM-E_ROSCode/ros2_ws/install/py_srvcli/lib/python3.12/site-packages/scripts/__init__.py to __init__.cpython-312.pyc\n'}
[61.737548] (py_srvcli) StdoutLine: {'line': b'byte-compiling /home/ras/DUM-E_ROSCode/ros2_ws/install/py_srvcli/lib/python3.12/site-packages/scripts/uart_classes.py to uart_classes.cpython-312.pyc\n'}
[61.746305] (py_srvcli) StdoutLine: {'line': b'running install_data\n'}
[61.746926] (py_srvcli) StdoutLine: {'line': b'creating /home/ras/DUM-E_ROSCode/ros2_ws/install/py_srvcli/share/ament_index\n'}
[61.747433] (py_srvcli) StdoutLine: {'line': b'creating /home/ras/DUM-E_ROSCode/ros2_ws/install/py_srvcli/share/ament_index/resource_index\n'}
[61.747911] (py_srvcli) StdoutLine: {'line': b'creating /home/ras/DUM-E_ROSCode/ros2_ws/install/py_srvcli/share/ament_index/resource_index/packages\n'}
[61.748429] (py_srvcli) StdoutLine: {'line': b'copying resource/py_srvcli -> /home/ras/DUM-E_ROSCode/ros2_ws/install/py_srvcli/share/ament_index/resource_index/packages\n'}
[61.748910] (py_srvcli) StdoutLine: {'line': b'copying package.xml -> /home/ras/DUM-E_ROSCode/ros2_ws/install/py_srvcli/share/py_srvcli\n'}
[61.749462] (py_srvcli) StdoutLine: {'line': b'running install_egg_info\n'}
[61.794951] (-) TimerEvent: {}
[61.844705] (py_srvcli) StdoutLine: {'line': b'Copying ../../build/py_srvcli/py_srvcli.egg-info to /home/ras/DUM-E_ROSCode/ros2_ws/install/py_srvcli/lib/python3.12/site-packages/py_srvcli-0.0.0-py3.12.egg-info\n'}
[61.849808] (py_srvcli) StdoutLine: {'line': b'running install_scripts\n'}
[61.895101] (-) TimerEvent: {}
[61.995688] (-) TimerEvent: {}
[62.096249] (-) TimerEvent: {}
[62.196900] (-) TimerEvent: {}
[62.297506] (-) TimerEvent: {}
[62.398118] (-) TimerEvent: {}
[62.498806] (-) TimerEvent: {}
[62.599517] (-) TimerEvent: {}
[62.685386] (py_srvcli) StdoutLine: {'line': b'Installing client script to /home/ras/DUM-E_ROSCode/ros2_ws/install/py_srvcli/lib/py_srvcli\n'}
[62.686508] (py_srvcli) StdoutLine: {'line': b'Installing service script to /home/ras/DUM-E_ROSCode/ros2_ws/install/py_srvcli/lib/py_srvcli\n'}
[62.688535] (py_srvcli) StdoutLine: {'line': b"writing list of installed files to '/home/ras/DUM-E_ROSCode/ros2_ws/build/py_srvcli/install.log'\n"}
[62.699853] (-) TimerEvent: {}
[62.801060] (-) TimerEvent: {}
[62.845946] (py_srvcli) CommandEnded: {'returncode': 0}
[62.874917] (py_srvcli) JobEnded: {'identifier': 'py_srvcli', 'rc': 0}
[62.878194] (-) EventReactorShutdown: {}
