[0.000000] (-) TimerEvent: {}
[0.001081] (arduino_interfaces) JobQueued: {'identifier': 'arduino_interfaces', 'dependencies': OrderedDict()}
[0.002035] (my_package) JobQueued: {'identifier': 'my_package', 'dependencies': OrderedDict()}
[0.002606] (tutorial_interfaces) JobQueued: {'identifier': 'tutorial_interfaces', 'dependencies': OrderedDict()}
[0.003335] (py_srvcli) JobQueued: {'identifier': 'py_srvcli', 'dependencies': OrderedDict({'arduino_interfaces': '/home/ras/DUM-E_ROSCode/ros2_ws/install/arduino_interfaces', 'tutorial_interfaces': '/home/ras/DUM-E_ROSCode/ros2_ws/install/tutorial_interfaces'})}
[0.003530] (arduino_interfaces) JobStarted: {'identifier': 'arduino_interfaces'}
[0.034644] (tutorial_interfaces) JobStarted: {'identifier': 'tutorial_interfaces'}
[0.057998] (my_package) JobStarted: {'identifier': 'my_package'}
[0.095732] (arduino_interfaces) JobProgress: {'identifier': 'arduino_interfaces', 'progress': 'cmake'}
[0.099722] (arduino_interfaces) JobProgress: {'identifier': 'arduino_interfaces', 'progress': 'build'}
[0.099971] (-) TimerEvent: {}
[0.103038] (arduino_interfaces) Command: {'cmd': ['/usr/bin/cmake', '--build', '/home/ras/DUM-E_ROSCode/ros2_ws/build/arduino_interfaces', '--', '-j4', '-l4'], 'cwd': '/home/ras/DUM-E_ROSCode/ros2_ws/build/arduino_interfaces', 'env': OrderedDict({'LESSOPEN': '| /usr/bin/lesspipe %s', 'USER': 'ras', 'SSH_CLIENT': '145.93.117.102 55360 22', 'LC_TIME': 'nl_NL.UTF-8', 'XDG_SESSION_TYPE': 'tty', 'SHLVL': '1', 'LD_LIBRARY_PATH': '/home/ras/DUM-E_ROSCode/ros2_ws/install/tutorial_interfaces/lib:/home/ras/DUM-E_ROSCode/ros2_ws/install/arduino_interfaces/lib:/opt/ros/jazzy/opt/rviz_ogre_vendor/lib:/opt/ros/jazzy/lib/aarch64-linux-gnu:/opt/ros/jazzy/opt/gz_math_vendor/lib:/opt/ros/jazzy/opt/gz_utils_vendor/lib:/opt/ros/jazzy/opt/gz_cmake_vendor/lib:/opt/ros/jazzy/lib', 'HOME': '/home/ras', 'OLDPWD': '/home/ras/DUM-E_ROSCode', 'SSH_TTY': '/dev/pts/3', 'ROS_PYTHON_VERSION': '3', 'LC_MONETARY': 'nl_NL.UTF-8', 'DBUS_SESSION_BUS_ADDRESS': 'unix:path=/run/user/1002/bus', 'DEBUGINFOD_URLS': 'https://debuginfod.ubuntu.com', 'COLCON_PREFIX_PATH': '/home/ras/DUM-E_ROSCode/ros2_ws/install', 'ROS_DISTRO': 'jazzy', 'LOGNAME': 'ras', '_': '/usr/bin/colcon', 'ROS_VERSION': '2', 'XDG_SESSION_CLASS': 'user', 'TERM': 'xterm-256color', 'XDG_SESSION_ID': '28', 'PATH': '/opt/ros/jazzy/bin:/home/ras/.local/bin:/usr/local/sbin:/usr/local/bin:/usr/sbin:/usr/bin:/sbin:/bin:/usr/games:/usr/local/games:/snap/bin', 'LC_ADDRESS': 'nl_NL.UTF-8', 'XDG_RUNTIME_DIR': '/run/user/1002', 'LANG': 'C.UTF-8', 'LC_TELEPHONE': 'nl_NL.UTF-8', 'LS_COLORS': 'rs=0:di=01;34:ln=01;36:mh=00:pi=40;33:so=01;35:do=01;35:bd=40;33;01:cd=40;33;01:or=40;31;01:mi=00:su=37;41:sg=30;43:ca=00:tw=30;42:ow=34;42:st=37;44:ex=01;32:*.tar=01;31:*.tgz=01;31:*.arc=01;31:*.arj=01;31:*.taz=01;31:*.lha=01;31:*.lz4=01;31:*.lzh=01;31:*.lzma=01;31:*.tlz=01;31:*.txz=01;31:*.tzo=01;31:*.t7z=01;31:*.zip=01;31:*.z=01;31:*.dz=01;31:*.gz=01;31:*.lrz=01;31:*.lz=01;31:*.lzo=01;31:*.xz=01;31:*.zst=01;31:*.tzst=01;31:*.bz2=01;31:*.bz=01;31:*.tbz=01;31:*.tbz2=01;31:*.tz=01;31:*.deb=01;31:*.rpm=01;31:*.jar=01;31:*.war=01;31:*.ear=01;31:*.sar=01;31:*.rar=01;31:*.alz=01;31:*.ace=01;31:*.zoo=01;31:*.cpio=01;31:*.7z=01;31:*.rz=01;31:*.cab=01;31:*.wim=01;31:*.swm=01;31:*.dwm=01;31:*.esd=01;31:*.avif=01;35:*.jpg=01;35:*.jpeg=01;35:*.mjpg=01;35:*.mjpeg=01;35:*.gif=01;35:*.bmp=01;35:*.pbm=01;35:*.pgm=01;35:*.ppm=01;35:*.tga=01;35:*.xbm=01;35:*.xpm=01;35:*.tif=01;35:*.tiff=01;35:*.png=01;35:*.svg=01;35:*.svgz=01;35:*.mng=01;35:*.pcx=01;35:*.mov=01;35:*.mpg=01;35:*.mpeg=01;35:*.m2v=01;35:*.mkv=01;35:*.webm=01;35:*.webp=01;35:*.ogm=01;35:*.mp4=01;35:*.m4v=01;35:*.mp4v=01;35:*.vob=01;35:*.qt=01;35:*.nuv=01;35:*.wmv=01;35:*.asf=01;35:*.rm=01;35:*.rmvb=01;35:*.flc=01;35:*.avi=01;35:*.fli=01;35:*.flv=01;35:*.gl=01;35:*.dl=01;35:*.xcf=01;35:*.xwd=01;35:*.yuv=01;35:*.cgm=01;35:*.emf=01;35:*.ogv=01;35:*.ogx=01;35:*.aac=00;36:*.au=00;36:*.flac=00;36:*.m4a=00;36:*.mid=00;36:*.midi=00;36:*.mka=00;36:*.mp3=00;36:*.mpc=00;36:*.ogg=00;36:*.ra=00;36:*.wav=00;36:*.oga=00;36:*.opus=00;36:*.spx=00;36:*.xspf=00;36:*~=00;90:*#=00;90:*.bak=00;90:*.crdownload=00;90:*.dpkg-dist=00;90:*.dpkg-new=00;90:*.dpkg-old=00;90:*.dpkg-tmp=00;90:*.old=00;90:*.orig=00;90:*.part=00;90:*.rej=00;90:*.rpmnew=00;90:*.rpmorig=00;90:*.rpmsave=00;90:*.swp=00;90:*.tmp=00;90:*.ucf-dist=00;90:*.ucf-new=00;90:*.ucf-old=00;90:', 'AMENT_PREFIX_PATH': '/home/ras/DUM-E_ROSCode/ros2_ws/install/py_srvcli:/home/ras/DUM-E_ROSCode/ros2_ws/install/tutorial_interfaces:/home/ras/DUM-E_ROSCode/ros2_ws/install/my_package:/home/ras/DUM-E_ROSCode/ros2_ws/install/arduino_interfaces:/opt/ros/jazzy', 'SHELL': '/bin/bash', 'LC_NAME': 'nl_NL.UTF-8', 'LESSCLOSE': '/usr/bin/lesspipe %s %s', 'LC_MEASUREMENT': 'nl_NL.UTF-8', 'LC_IDENTIFICATION': 'nl_NL.UTF-8', 'ROS_AUTOMATIC_DISCOVERY_RANGE': 'SUBNET', 'PWD': '/home/ras/DUM-E_ROSCode/ros2_ws/build/arduino_interfaces', 'LC_ALL': 'en_US.UTF-8', 'SSH_CONNECTION': '145.93.117.102 55360 145.93.236.46 22', 'XDG_DATA_DIRS': '/usr/share/gnome:/usr/local/share:/usr/share:/var/lib/snapd/desktop', 'PYTHONPATH': '/home/ras/DUM-E_ROSCode/ros2_ws/install/py_srvcli/lib/python3.12/site-packages:/home/ras/DUM-E_ROSCode/ros2_ws/install/tutorial_interfaces/lib/python3.12/site-packages:/home/ras/DUM-E_ROSCode/ros2_ws/install/my_package/lib/python3.12/site-packages:/home/ras/DUM-E_ROSCode/ros2_ws/install/arduino_interfaces/lib/python3.12/site-packages:/opt/ros/jazzy/lib/python3.12/site-packages', 'LC_NUMERIC': 'nl_NL.UTF-8', 'LC_PAPER': 'nl_NL.UTF-8', 'COLCON': '1', 'CMAKE_PREFIX_PATH': '/home/ras/DUM-E_ROSCode/ros2_ws/install/tutorial_interfaces:/home/ras/DUM-E_ROSCode/ros2_ws/install/arduino_interfaces:/opt/ros/jazzy/opt/gz_math_vendor:/opt/ros/jazzy/opt/gz_utils_vendor:/opt/ros/jazzy/opt/gz_cmake_vendor:/home/ras/DUM-E_ROSCode/ros2_ws/install/py_srvcli:/home/ras/DUM-E_ROSCode/ros2_ws/install/my_package:/opt/ros/jazzy'}), 'shell': False}
[0.116532] (tutorial_interfaces) JobProgress: {'identifier': 'tutorial_interfaces', 'progress': 'cmake'}
[0.119963] (tutorial_interfaces) JobProgress: {'identifier': 'tutorial_interfaces', 'progress': 'build'}
[0.124307] (tutorial_interfaces) Command: {'cmd': ['/usr/bin/cmake', '--build', '/home/ras/DUM-E_ROSCode/ros2_ws/build/tutorial_interfaces', '--', '-j4', '-l4'], 'cwd': '/home/ras/DUM-E_ROSCode/ros2_ws/build/tutorial_interfaces', 'env': OrderedDict({'LESSOPEN': '| /usr/bin/lesspipe %s', 'USER': 'ras', 'SSH_CLIENT': '145.93.117.102 55360 22', 'LC_TIME': 'nl_NL.UTF-8', 'XDG_SESSION_TYPE': 'tty', 'SHLVL': '1', 'LD_LIBRARY_PATH': '/home/ras/DUM-E_ROSCode/ros2_ws/install/tutorial_interfaces/lib:/home/ras/DUM-E_ROSCode/ros2_ws/install/arduino_interfaces/lib:/opt/ros/jazzy/opt/rviz_ogre_vendor/lib:/opt/ros/jazzy/lib/aarch64-linux-gnu:/opt/ros/jazzy/opt/gz_math_vendor/lib:/opt/ros/jazzy/opt/gz_utils_vendor/lib:/opt/ros/jazzy/opt/gz_cmake_vendor/lib:/opt/ros/jazzy/lib', 'HOME': '/home/ras', 'OLDPWD': '/home/ras/DUM-E_ROSCode', 'SSH_TTY': '/dev/pts/3', 'ROS_PYTHON_VERSION': '3', 'LC_MONETARY': 'nl_NL.UTF-8', 'DBUS_SESSION_BUS_ADDRESS': 'unix:path=/run/user/1002/bus', 'DEBUGINFOD_URLS': 'https://debuginfod.ubuntu.com', 'COLCON_PREFIX_PATH': '/home/ras/DUM-E_ROSCode/ros2_ws/install', 'ROS_DISTRO': 'jazzy', 'LOGNAME': 'ras', '_': '/usr/bin/colcon', 'ROS_VERSION': '2', 'XDG_SESSION_CLASS': 'user', 'TERM': 'xterm-256color', 'XDG_SESSION_ID': '28', 'PATH': '/opt/ros/jazzy/bin:/home/ras/.local/bin:/usr/local/sbin:/usr/local/bin:/usr/sbin:/usr/bin:/sbin:/bin:/usr/games:/usr/local/games:/snap/bin', 'LC_ADDRESS': 'nl_NL.UTF-8', 'XDG_RUNTIME_DIR': '/run/user/1002', 'LANG': 'C.UTF-8', 'LC_TELEPHONE': 'nl_NL.UTF-8', 'LS_COLORS': 'rs=0:di=01;34:ln=01;36:mh=00:pi=40;33:so=01;35:do=01;35:bd=40;33;01:cd=40;33;01:or=40;31;01:mi=00:su=37;41:sg=30;43:ca=00:tw=30;42:ow=34;42:st=37;44:ex=01;32:*.tar=01;31:*.tgz=01;31:*.arc=01;31:*.arj=01;31:*.taz=01;31:*.lha=01;31:*.lz4=01;31:*.lzh=01;31:*.lzma=01;31:*.tlz=01;31:*.txz=01;31:*.tzo=01;31:*.t7z=01;31:*.zip=01;31:*.z=01;31:*.dz=01;31:*.gz=01;31:*.lrz=01;31:*.lz=01;31:*.lzo=01;31:*.xz=01;31:*.zst=01;31:*.tzst=01;31:*.bz2=01;31:*.bz=01;31:*.tbz=01;31:*.tbz2=01;31:*.tz=01;31:*.deb=01;31:*.rpm=01;31:*.jar=01;31:*.war=01;31:*.ear=01;31:*.sar=01;31:*.rar=01;31:*.alz=01;31:*.ace=01;31:*.zoo=01;31:*.cpio=01;31:*.7z=01;31:*.rz=01;31:*.cab=01;31:*.wim=01;31:*.swm=01;31:*.dwm=01;31:*.esd=01;31:*.avif=01;35:*.jpg=01;35:*.jpeg=01;35:*.mjpg=01;35:*.mjpeg=01;35:*.gif=01;35:*.bmp=01;35:*.pbm=01;35:*.pgm=01;35:*.ppm=01;35:*.tga=01;35:*.xbm=01;35:*.xpm=01;35:*.tif=01;35:*.tiff=01;35:*.png=01;35:*.svg=01;35:*.svgz=01;35:*.mng=01;35:*.pcx=01;35:*.mov=01;35:*.mpg=01;35:*.mpeg=01;35:*.m2v=01;35:*.mkv=01;35:*.webm=01;35:*.webp=01;35:*.ogm=01;35:*.mp4=01;35:*.m4v=01;35:*.mp4v=01;35:*.vob=01;35:*.qt=01;35:*.nuv=01;35:*.wmv=01;35:*.asf=01;35:*.rm=01;35:*.rmvb=01;35:*.flc=01;35:*.avi=01;35:*.fli=01;35:*.flv=01;35:*.gl=01;35:*.dl=01;35:*.xcf=01;35:*.xwd=01;35:*.yuv=01;35:*.cgm=01;35:*.emf=01;35:*.ogv=01;35:*.ogx=01;35:*.aac=00;36:*.au=00;36:*.flac=00;36:*.m4a=00;36:*.mid=00;36:*.midi=00;36:*.mka=00;36:*.mp3=00;36:*.mpc=00;36:*.ogg=00;36:*.ra=00;36:*.wav=00;36:*.oga=00;36:*.opus=00;36:*.spx=00;36:*.xspf=00;36:*~=00;90:*#=00;90:*.bak=00;90:*.crdownload=00;90:*.dpkg-dist=00;90:*.dpkg-new=00;90:*.dpkg-old=00;90:*.dpkg-tmp=00;90:*.old=00;90:*.orig=00;90:*.part=00;90:*.rej=00;90:*.rpmnew=00;90:*.rpmorig=00;90:*.rpmsave=00;90:*.swp=00;90:*.tmp=00;90:*.ucf-dist=00;90:*.ucf-new=00;90:*.ucf-old=00;90:', 'AMENT_PREFIX_PATH': '/home/ras/DUM-E_ROSCode/ros2_ws/install/py_srvcli:/home/ras/DUM-E_ROSCode/ros2_ws/install/tutorial_interfaces:/home/ras/DUM-E_ROSCode/ros2_ws/install/my_package:/home/ras/DUM-E_ROSCode/ros2_ws/install/arduino_interfaces:/opt/ros/jazzy', 'SHELL': '/bin/bash', 'LC_NAME': 'nl_NL.UTF-8', 'LESSCLOSE': '/usr/bin/lesspipe %s %s', 'LC_MEASUREMENT': 'nl_NL.UTF-8', 'LC_IDENTIFICATION': 'nl_NL.UTF-8', 'ROS_AUTOMATIC_DISCOVERY_RANGE': 'SUBNET', 'PWD': '/home/ras/DUM-E_ROSCode/ros2_ws/build/tutorial_interfaces', 'LC_ALL': 'en_US.UTF-8', 'SSH_CONNECTION': '145.93.117.102 55360 145.93.236.46 22', 'XDG_DATA_DIRS': '/usr/share/gnome:/usr/local/share:/usr/share:/var/lib/snapd/desktop', 'PYTHONPATH': '/home/ras/DUM-E_ROSCode/ros2_ws/install/py_srvcli/lib/python3.12/site-packages:/home/ras/DUM-E_ROSCode/ros2_ws/install/tutorial_interfaces/lib/python3.12/site-packages:/home/ras/DUM-E_ROSCode/ros2_ws/install/my_package/lib/python3.12/site-packages:/home/ras/DUM-E_ROSCode/ros2_ws/install/arduino_interfaces/lib/python3.12/site-packages:/opt/ros/jazzy/lib/python3.12/site-packages', 'LC_NUMERIC': 'nl_NL.UTF-8', 'LC_PAPER': 'nl_NL.UTF-8', 'COLCON': '1', 'CMAKE_PREFIX_PATH': '/home/ras/DUM-E_ROSCode/ros2_ws/install/tutorial_interfaces:/home/ras/DUM-E_ROSCode/ros2_ws/install/arduino_interfaces:/opt/ros/jazzy/opt/gz_math_vendor:/opt/ros/jazzy/opt/gz_utils_vendor:/opt/ros/jazzy/opt/gz_cmake_vendor:/home/ras/DUM-E_ROSCode/ros2_ws/install/py_srvcli:/home/ras/DUM-E_ROSCode/ros2_ws/install/my_package:/opt/ros/jazzy'}), 'shell': False}
[0.200896] (-) TimerEvent: {}
[0.304399] (-) TimerEvent: {}
[0.406565] (-) TimerEvent: {}
[0.503610] (arduino_interfaces) StdoutLine: {'line': b'[  2%] Built target arduino_interfaces__rosidl_generator_type_description\n'}
[0.506725] (-) TimerEvent: {}
[0.553753] (tutorial_interfaces) StdoutLine: {'line': b'[  1%] Built target tutorial_interfaces__rosidl_generator_type_description\n'}
[0.595422] (arduino_interfaces) StdoutLine: {'line': b'[  2%] Built target ament_cmake_python_copy_arduino_interfaces\n'}
[0.606941] (-) TimerEvent: {}
[0.695613] (tutorial_interfaces) StdoutLine: {'line': b'[  1%] Built target ament_cmake_python_copy_tutorial_interfaces\n'}
[0.709452] (-) TimerEvent: {}
[0.741259] (arduino_interfaces) StdoutLine: {'line': b'[  4%] Built target arduino_interfaces__cpp\n'}
[0.812373] (tutorial_interfaces) StdoutLine: {'line': b'[  3%] Built target tutorial_interfaces__cpp\n'}
[0.816545] (-) TimerEvent: {}
[0.834696] (arduino_interfaces) StdoutLine: {'line': b'[ 22%] Built target arduino_interfaces__rosidl_generator_c\n'}
[0.919826] (-) TimerEvent: {}
[0.927404] (tutorial_interfaces) StdoutLine: {'line': b'[ 24%] Built target tutorial_interfaces__rosidl_generator_c\n'}
[1.020543] (-) TimerEvent: {}
[1.125092] (-) TimerEvent: {}
[1.143604] (arduino_interfaces) StdoutLine: {'line': b'[ 31%] Built target arduino_interfaces__rosidl_typesupport_fastrtps_c\n'}
[1.187892] (arduino_interfaces) StdoutLine: {'line': b'[ 40%] Built target arduino_interfaces__rosidl_typesupport_c\n'}
[1.203751] (arduino_interfaces) StdoutLine: {'line': b'[ 50%] Built target arduino_interfaces__rosidl_typesupport_introspection_c\n'}
[1.229373] (-) TimerEvent: {}
[1.250459] (tutorial_interfaces) StdoutLine: {'line': b'[ 33%] Built target tutorial_interfaces__rosidl_typesupport_fastrtps_c\n'}
[1.308239] (tutorial_interfaces) StdoutLine: {'line': b'[ 44%] Built target tutorial_interfaces__rosidl_typesupport_fastrtps_cpp\n'}
[1.315716] (tutorial_interfaces) StdoutLine: {'line': b'[ 51%] Built target tutorial_interfaces__rosidl_typesupport_cpp\n'}
[1.333374] (-) TimerEvent: {}
[1.439385] (-) TimerEvent: {}
[1.541564] (-) TimerEvent: {}
[1.557441] (arduino_interfaces) StdoutLine: {'line': b'[ 59%] Built target arduino_interfaces__rosidl_typesupport_introspection_cpp\n'}
[1.602398] (arduino_interfaces) StdoutLine: {'line': b'[ 68%] Built target arduino_interfaces__rosidl_typesupport_fastrtps_cpp\n'}
[1.646428] (arduino_interfaces) StdoutLine: {'line': b'[ 77%] Built target arduino_interfaces__rosidl_typesupport_cpp\n'}
[1.647496] (-) TimerEvent: {}
[1.679476] (tutorial_interfaces) StdoutLine: {'line': b'[ 61%] Built target tutorial_interfaces__rosidl_typesupport_introspection_c\n'}
[1.703338] (tutorial_interfaces) StdoutLine: {'line': b'[ 70%] Built target tutorial_interfaces__rosidl_typesupport_c\n'}
[1.711075] (tutorial_interfaces) StdoutLine: {'line': b'[ 79%] Built target tutorial_interfaces__rosidl_typesupport_introspection_cpp\n'}
[1.749379] (-) TimerEvent: {}
[1.850312] (-) TimerEvent: {}
[1.928405] (arduino_interfaces) StdoutLine: {'line': b'[ 77%] Built target arduino_interfaces\n'}
[1.951360] (-) TimerEvent: {}
[1.979731] (tutorial_interfaces) StdoutLine: {'line': b'[ 79%] Built target tutorial_interfaces\n'}
[2.053537] (-) TimerEvent: {}
[2.154374] (-) TimerEvent: {}
[2.169196] (arduino_interfaces) StdoutLine: {'line': b'[ 79%] Built target arduino_interfaces__py\n'}
[2.241870] (tutorial_interfaces) StdoutLine: {'line': b'[ 81%] Built target tutorial_interfaces__py\n'}
[2.257400] (-) TimerEvent: {}
[2.358281] (-) TimerEvent: {}
[2.459167] (-) TimerEvent: {}
[2.480378] (arduino_interfaces) StdoutLine: {'line': b'[ 86%] Built target arduino_interfaces__rosidl_generator_py\n'}
[2.578872] (-) TimerEvent: {}
[2.579507] (tutorial_interfaces) StdoutLine: {'line': b'[ 88%] Built target tutorial_interfaces__rosidl_generator_py\n'}
[2.679129] (-) TimerEvent: {}
[2.780181] (-) TimerEvent: {}
[2.833000] (arduino_interfaces) StdoutLine: {'line': b'[ 90%] Built target arduino_interfaces_s__rosidl_typesupport_fastrtps_c\n'}
[2.839579] (arduino_interfaces) StdoutLine: {'line': b'[ 95%] Built target arduino_interfaces_s__rosidl_typesupport_c\n'}
[2.854122] (arduino_interfaces) StdoutLine: {'line': b'[100%] Built target arduino_interfaces_s__rosidl_typesupport_introspection_c\n'}
[2.881376] (tutorial_interfaces) StdoutLine: {'line': b'[ 92%] Built target tutorial_interfaces_s__rosidl_typesupport_fastrtps_c\n'}
[2.882463] (-) TimerEvent: {}
[2.892163] (arduino_interfaces) StdoutLine: {'line': b'running egg_info\n'}
[2.933995] (tutorial_interfaces) StdoutLine: {'line': b'[ 96%] Built target tutorial_interfaces_s__rosidl_typesupport_introspection_c\n'}
[2.949408] (tutorial_interfaces) StdoutLine: {'line': b'[100%] Built target tutorial_interfaces_s__rosidl_typesupport_c\n'}
[2.982616] (-) TimerEvent: {}
[3.047599] (arduino_interfaces) StdoutLine: {'line': b'writing arduino_interfaces.egg-info/PKG-INFO\n'}
[3.051845] (arduino_interfaces) StdoutLine: {'line': b'writing dependency_links to arduino_interfaces.egg-info/dependency_links.txt\n'}
[3.056185] (arduino_interfaces) StdoutLine: {'line': b'writing top-level names to arduino_interfaces.egg-info/top_level.txt\n'}
[3.088381] (-) TimerEvent: {}
[3.192605] (-) TimerEvent: {}
[3.296354] (-) TimerEvent: {}
[3.350186] (tutorial_interfaces) StdoutLine: {'line': b'running egg_info\n'}
[3.396563] (-) TimerEvent: {}
[3.490043] (tutorial_interfaces) StdoutLine: {'line': b'writing tutorial_interfaces.egg-info/PKG-INFO\n'}
[3.492780] (tutorial_interfaces) StdoutLine: {'line': b'writing dependency_links to tutorial_interfaces.egg-info/dependency_links.txt\n'}
[3.495657] (tutorial_interfaces) StdoutLine: {'line': b'writing top-level names to tutorial_interfaces.egg-info/top_level.txt\n'}
[3.498751] (-) TimerEvent: {}
[3.507125] (arduino_interfaces) StdoutLine: {'line': b"reading manifest file 'arduino_interfaces.egg-info/SOURCES.txt'\n"}
[3.512041] (arduino_interfaces) StdoutLine: {'line': b"writing manifest file 'arduino_interfaces.egg-info/SOURCES.txt'\n"}
[3.599030] (-) TimerEvent: {}
[3.700532] (arduino_interfaces) StdoutLine: {'line': b'[100%] Built target ament_cmake_python_build_arduino_interfaces_egg\n'}
[3.701363] (-) TimerEvent: {}
[3.789006] (arduino_interfaces) CommandEnded: {'returncode': 0}
[3.790424] (arduino_interfaces) JobProgress: {'identifier': 'arduino_interfaces', 'progress': 'install'}
[3.801527] (-) TimerEvent: {}
[3.847843] (arduino_interfaces) Command: {'cmd': ['/usr/bin/cmake', '--install', '/home/ras/DUM-E_ROSCode/ros2_ws/build/arduino_interfaces'], 'cwd': '/home/ras/DUM-E_ROSCode/ros2_ws/build/arduino_interfaces', 'env': OrderedDict({'LESSOPEN': '| /usr/bin/lesspipe %s', 'USER': 'ras', 'SSH_CLIENT': '145.93.117.102 55360 22', 'LC_TIME': 'nl_NL.UTF-8', 'XDG_SESSION_TYPE': 'tty', 'SHLVL': '1', 'LD_LIBRARY_PATH': '/home/ras/DUM-E_ROSCode/ros2_ws/install/tutorial_interfaces/lib:/home/ras/DUM-E_ROSCode/ros2_ws/install/arduino_interfaces/lib:/opt/ros/jazzy/opt/rviz_ogre_vendor/lib:/opt/ros/jazzy/lib/aarch64-linux-gnu:/opt/ros/jazzy/opt/gz_math_vendor/lib:/opt/ros/jazzy/opt/gz_utils_vendor/lib:/opt/ros/jazzy/opt/gz_cmake_vendor/lib:/opt/ros/jazzy/lib', 'HOME': '/home/ras', 'OLDPWD': '/home/ras/DUM-E_ROSCode', 'SSH_TTY': '/dev/pts/3', 'ROS_PYTHON_VERSION': '3', 'LC_MONETARY': 'nl_NL.UTF-8', 'DBUS_SESSION_BUS_ADDRESS': 'unix:path=/run/user/1002/bus', 'DEBUGINFOD_URLS': 'https://debuginfod.ubuntu.com', 'COLCON_PREFIX_PATH': '/home/ras/DUM-E_ROSCode/ros2_ws/install', 'ROS_DISTRO': 'jazzy', 'LOGNAME': 'ras', '_': '/usr/bin/colcon', 'ROS_VERSION': '2', 'XDG_SESSION_CLASS': 'user', 'TERM': 'xterm-256color', 'XDG_SESSION_ID': '28', 'PATH': '/opt/ros/jazzy/bin:/home/ras/.local/bin:/usr/local/sbin:/usr/local/bin:/usr/sbin:/usr/bin:/sbin:/bin:/usr/games:/usr/local/games:/snap/bin', 'LC_ADDRESS': 'nl_NL.UTF-8', 'XDG_RUNTIME_DIR': '/run/user/1002', 'LANG': 'C.UTF-8', 'LC_TELEPHONE': 'nl_NL.UTF-8', 'LS_COLORS': 'rs=0:di=01;34:ln=01;36:mh=00:pi=40;33:so=01;35:do=01;35:bd=40;33;01:cd=40;33;01:or=40;31;01:mi=00:su=37;41:sg=30;43:ca=00:tw=30;42:ow=34;42:st=37;44:ex=01;32:*.tar=01;31:*.tgz=01;31:*.arc=01;31:*.arj=01;31:*.taz=01;31:*.lha=01;31:*.lz4=01;31:*.lzh=01;31:*.lzma=01;31:*.tlz=01;31:*.txz=01;31:*.tzo=01;31:*.t7z=01;31:*.zip=01;31:*.z=01;31:*.dz=01;31:*.gz=01;31:*.lrz=01;31:*.lz=01;31:*.lzo=01;31:*.xz=01;31:*.zst=01;31:*.tzst=01;31:*.bz2=01;31:*.bz=01;31:*.tbz=01;31:*.tbz2=01;31:*.tz=01;31:*.deb=01;31:*.rpm=01;31:*.jar=01;31:*.war=01;31:*.ear=01;31:*.sar=01;31:*.rar=01;31:*.alz=01;31:*.ace=01;31:*.zoo=01;31:*.cpio=01;31:*.7z=01;31:*.rz=01;31:*.cab=01;31:*.wim=01;31:*.swm=01;31:*.dwm=01;31:*.esd=01;31:*.avif=01;35:*.jpg=01;35:*.jpeg=01;35:*.mjpg=01;35:*.mjpeg=01;35:*.gif=01;35:*.bmp=01;35:*.pbm=01;35:*.pgm=01;35:*.ppm=01;35:*.tga=01;35:*.xbm=01;35:*.xpm=01;35:*.tif=01;35:*.tiff=01;35:*.png=01;35:*.svg=01;35:*.svgz=01;35:*.mng=01;35:*.pcx=01;35:*.mov=01;35:*.mpg=01;35:*.mpeg=01;35:*.m2v=01;35:*.mkv=01;35:*.webm=01;35:*.webp=01;35:*.ogm=01;35:*.mp4=01;35:*.m4v=01;35:*.mp4v=01;35:*.vob=01;35:*.qt=01;35:*.nuv=01;35:*.wmv=01;35:*.asf=01;35:*.rm=01;35:*.rmvb=01;35:*.flc=01;35:*.avi=01;35:*.fli=01;35:*.flv=01;35:*.gl=01;35:*.dl=01;35:*.xcf=01;35:*.xwd=01;35:*.yuv=01;35:*.cgm=01;35:*.emf=01;35:*.ogv=01;35:*.ogx=01;35:*.aac=00;36:*.au=00;36:*.flac=00;36:*.m4a=00;36:*.mid=00;36:*.midi=00;36:*.mka=00;36:*.mp3=00;36:*.mpc=00;36:*.ogg=00;36:*.ra=00;36:*.wav=00;36:*.oga=00;36:*.opus=00;36:*.spx=00;36:*.xspf=00;36:*~=00;90:*#=00;90:*.bak=00;90:*.crdownload=00;90:*.dpkg-dist=00;90:*.dpkg-new=00;90:*.dpkg-old=00;90:*.dpkg-tmp=00;90:*.old=00;90:*.orig=00;90:*.part=00;90:*.rej=00;90:*.rpmnew=00;90:*.rpmorig=00;90:*.rpmsave=00;90:*.swp=00;90:*.tmp=00;90:*.ucf-dist=00;90:*.ucf-new=00;90:*.ucf-old=00;90:', 'AMENT_PREFIX_PATH': '/home/ras/DUM-E_ROSCode/ros2_ws/install/py_srvcli:/home/ras/DUM-E_ROSCode/ros2_ws/install/tutorial_interfaces:/home/ras/DUM-E_ROSCode/ros2_ws/install/my_package:/home/ras/DUM-E_ROSCode/ros2_ws/install/arduino_interfaces:/opt/ros/jazzy', 'SHELL': '/bin/bash', 'LC_NAME': 'nl_NL.UTF-8', 'LESSCLOSE': '/usr/bin/lesspipe %s %s', 'LC_MEASUREMENT': 'nl_NL.UTF-8', 'LC_IDENTIFICATION': 'nl_NL.UTF-8', 'ROS_AUTOMATIC_DISCOVERY_RANGE': 'SUBNET', 'PWD': '/home/ras/DUM-E_ROSCode/ros2_ws/build/arduino_interfaces', 'LC_ALL': 'en_US.UTF-8', 'SSH_CONNECTION': '145.93.117.102 55360 145.93.236.46 22', 'XDG_DATA_DIRS': '/usr/share/gnome:/usr/local/share:/usr/share:/var/lib/snapd/desktop', 'PYTHONPATH': '/home/ras/DUM-E_ROSCode/ros2_ws/install/py_srvcli/lib/python3.12/site-packages:/home/ras/DUM-E_ROSCode/ros2_ws/install/tutorial_interfaces/lib/python3.12/site-packages:/home/ras/DUM-E_ROSCode/ros2_ws/install/my_package/lib/python3.12/site-packages:/home/ras/DUM-E_ROSCode/ros2_ws/install/arduino_interfaces/lib/python3.12/site-packages:/opt/ros/jazzy/lib/python3.12/site-packages', 'LC_NUMERIC': 'nl_NL.UTF-8', 'LC_PAPER': 'nl_NL.UTF-8', 'COLCON': '1', 'CMAKE_PREFIX_PATH': '/home/ras/DUM-E_ROSCode/ros2_ws/install/tutorial_interfaces:/home/ras/DUM-E_ROSCode/ros2_ws/install/arduino_interfaces:/opt/ros/jazzy/opt/gz_math_vendor:/opt/ros/jazzy/opt/gz_utils_vendor:/opt/ros/jazzy/opt/gz_cmake_vendor:/home/ras/DUM-E_ROSCode/ros2_ws/install/py_srvcli:/home/ras/DUM-E_ROSCode/ros2_ws/install/my_package:/opt/ros/jazzy'}), 'shell': False}
[3.903090] (arduino_interfaces) StdoutLine: {'line': b'-- Install configuration: ""\n'}
[3.905644] (-) TimerEvent: {}
[3.909189] (arduino_interfaces) StdoutLine: {'line': b'-- Up-to-date: /home/ras/DUM-E_ROSCode/ros2_ws/install/arduino_interfaces/share/ament_index/resource_index/rosidl_interfaces/arduino_interfaces\n'}
[3.914525] (arduino_interfaces) StdoutLine: {'line': b'-- Up-to-date: /home/ras/DUM-E_ROSCode/ros2_ws/install/arduino_interfaces/share/arduino_interfaces/msg/Num.json\n'}
[3.918196] (arduino_interfaces) StdoutLine: {'line': b'-- Up-to-date: /home/ras/DUM-E_ROSCode/ros2_ws/install/arduino_interfaces/share/arduino_interfaces/srv/SetJointPositions.json\n'}
[3.922117] (arduino_interfaces) StdoutLine: {'line': b'-- Up-to-date: /home/ras/DUM-E_ROSCode/ros2_ws/install/arduino_interfaces/include/arduino_interfaces/arduino_interfaces\n'}
[3.928270] (arduino_interfaces) StdoutLine: {'line': b'-- Up-to-date: /home/ras/DUM-E_ROSCode/ros2_ws/install/arduino_interfaces/include/arduino_interfaces/arduino_interfaces/srv\n'}
[3.932921] (arduino_interfaces) StdoutLine: {'line': b'-- Up-to-date: /home/ras/DUM-E_ROSCode/ros2_ws/install/arduino_interfaces/include/arduino_interfaces/arduino_interfaces/srv/set_joint_positions.h\n'}
[3.935820] (arduino_interfaces) StdoutLine: {'line': b'-- Up-to-date: /home/ras/DUM-E_ROSCode/ros2_ws/install/arduino_interfaces/include/arduino_interfaces/arduino_interfaces/srv/detail\n'}
[3.936445] (arduino_interfaces) StdoutLine: {'line': b'-- Up-to-date: /home/ras/DUM-E_ROSCode/ros2_ws/install/arduino_interfaces/include/arduino_interfaces/arduino_interfaces/srv/detail/set_joint_positions__description.c\n'}
[3.942002] (arduino_interfaces) StdoutLine: {'line': b'-- Up-to-date: /home/ras/DUM-E_ROSCode/ros2_ws/install/arduino_interfaces/include/arduino_interfaces/arduino_interfaces/srv/detail/set_joint_positions__type_support.h\n'}
[3.947641] (arduino_interfaces) StdoutLine: {'line': b'-- Up-to-date: /home/ras/DUM-E_ROSCode/ros2_ws/install/arduino_interfaces/include/arduino_interfaces/arduino_interfaces/srv/detail/set_joint_positions__functions.h\n'}
[3.954522] (arduino_interfaces) StdoutLine: {'line': b'-- Up-to-date: /home/ras/DUM-E_ROSCode/ros2_ws/install/arduino_interfaces/include/arduino_interfaces/arduino_interfaces/srv/detail/set_joint_positions__functions.c\n'}
[3.955831] (arduino_interfaces) StdoutLine: {'line': b'-- Up-to-date: /home/ras/DUM-E_ROSCode/ros2_ws/install/arduino_interfaces/include/arduino_interfaces/arduino_interfaces/srv/detail/set_joint_positions__struct.h\n'}
[3.956371] (arduino_interfaces) StdoutLine: {'line': b'-- Installing: /home/ras/DUM-E_ROSCode/ros2_ws/install/arduino_interfaces/include/arduino_interfaces/arduino_interfaces/srv/detail/set_joint_positions__type_support.c\n'}
[3.956860] (arduino_interfaces) StdoutLine: {'line': b'-- Up-to-date: /home/ras/DUM-E_ROSCode/ros2_ws/install/arduino_interfaces/include/arduino_interfaces/arduino_interfaces/msg\n'}
[3.957421] (arduino_interfaces) StdoutLine: {'line': b'-- Up-to-date: /home/ras/DUM-E_ROSCode/ros2_ws/install/arduino_interfaces/include/arduino_interfaces/arduino_interfaces/msg/rosidl_generator_c__visibility_control.h\n'}
[3.957884] (arduino_interfaces) StdoutLine: {'line': b'-- Up-to-date: /home/ras/DUM-E_ROSCode/ros2_ws/install/arduino_interfaces/include/arduino_interfaces/arduino_interfaces/msg/detail\n'}
[3.963555] (arduino_interfaces) StdoutLine: {'line': b'-- Up-to-date: /home/ras/DUM-E_ROSCode/ros2_ws/install/arduino_interfaces/include/arduino_interfaces/arduino_interfaces/msg/detail/num__struct.h\n'}
[3.964099] (arduino_interfaces) StdoutLine: {'line': b'-- Up-to-date: /home/ras/DUM-E_ROSCode/ros2_ws/install/arduino_interfaces/include/arduino_interfaces/arduino_interfaces/msg/detail/num__functions.h\n'}
[3.964656] (arduino_interfaces) StdoutLine: {'line': b'-- Up-to-date: /home/ras/DUM-E_ROSCode/ros2_ws/install/arduino_interfaces/include/arduino_interfaces/arduino_interfaces/msg/detail/num__type_support.h\n'}
[3.965244] (arduino_interfaces) StdoutLine: {'line': b'-- Up-to-date: /home/ras/DUM-E_ROSCode/ros2_ws/install/arduino_interfaces/include/arduino_interfaces/arduino_interfaces/msg/detail/num__functions.c\n'}
[3.965781] (arduino_interfaces) StdoutLine: {'line': b'-- Up-to-date: /home/ras/DUM-E_ROSCode/ros2_ws/install/arduino_interfaces/include/arduino_interfaces/arduino_interfaces/msg/detail/num__description.c\n'}
[3.967386] (arduino_interfaces) StdoutLine: {'line': b'-- Installing: /home/ras/DUM-E_ROSCode/ros2_ws/install/arduino_interfaces/include/arduino_interfaces/arduino_interfaces/msg/detail/num__type_support.c\n'}
[3.970703] (arduino_interfaces) StdoutLine: {'line': b'-- Up-to-date: /home/ras/DUM-E_ROSCode/ros2_ws/install/arduino_interfaces/include/arduino_interfaces/arduino_interfaces/msg/num.h\n'}
[3.972057] (arduino_interfaces) StdoutLine: {'line': b'-- Up-to-date: /home/ras/DUM-E_ROSCode/ros2_ws/install/arduino_interfaces/share/arduino_interfaces/environment/library_path.sh\n'}
[3.976001] (arduino_interfaces) StdoutLine: {'line': b'-- Up-to-date: /home/ras/DUM-E_ROSCode/ros2_ws/install/arduino_interfaces/share/arduino_interfaces/environment/library_path.dsv\n'}
[3.976877] (arduino_interfaces) StdoutLine: {'line': b'-- Up-to-date: /home/ras/DUM-E_ROSCode/ros2_ws/install/arduino_interfaces/lib/libarduino_interfaces__rosidl_generator_c.so\n'}
[3.977470] (arduino_interfaces) StdoutLine: {'line': b'-- Up-to-date: /home/ras/DUM-E_ROSCode/ros2_ws/install/arduino_interfaces/include/arduino_interfaces/arduino_interfaces\n'}
[3.977972] (arduino_interfaces) StdoutLine: {'line': b'-- Up-to-date: /home/ras/DUM-E_ROSCode/ros2_ws/install/arduino_interfaces/include/arduino_interfaces/arduino_interfaces/srv\n'}
[3.978511] (arduino_interfaces) StdoutLine: {'line': b'-- Up-to-date: /home/ras/DUM-E_ROSCode/ros2_ws/install/arduino_interfaces/include/arduino_interfaces/arduino_interfaces/srv/detail\n'}
[3.978998] (arduino_interfaces) StdoutLine: {'line': b'-- Up-to-date: /home/ras/DUM-E_ROSCode/ros2_ws/install/arduino_interfaces/include/arduino_interfaces/arduino_interfaces/srv/detail/set_joint_positions__rosidl_typesupport_fastrtps_c.h\n'}
[3.979578] (arduino_interfaces) StdoutLine: {'line': b'-- Up-to-date: /home/ras/DUM-E_ROSCode/ros2_ws/install/arduino_interfaces/include/arduino_interfaces/arduino_interfaces/msg\n'}
[3.980114] (arduino_interfaces) StdoutLine: {'line': b'-- Up-to-date: /home/ras/DUM-E_ROSCode/ros2_ws/install/arduino_interfaces/include/arduino_interfaces/arduino_interfaces/msg/rosidl_typesupport_fastrtps_c__visibility_control.h\n'}
[3.980584] (arduino_interfaces) StdoutLine: {'line': b'-- Up-to-date: /home/ras/DUM-E_ROSCode/ros2_ws/install/arduino_interfaces/include/arduino_interfaces/arduino_interfaces/msg/detail\n'}
[3.981001] (arduino_interfaces) StdoutLine: {'line': b'-- Up-to-date: /home/ras/DUM-E_ROSCode/ros2_ws/install/arduino_interfaces/include/arduino_interfaces/arduino_interfaces/msg/detail/num__rosidl_typesupport_fastrtps_c.h\n'}
[3.981701] (arduino_interfaces) StdoutLine: {'line': b'-- Up-to-date: /home/ras/DUM-E_ROSCode/ros2_ws/install/arduino_interfaces/lib/libarduino_interfaces__rosidl_typesupport_fastrtps_c.so\n'}
[3.982377] (arduino_interfaces) StdoutLine: {'line': b'-- Up-to-date: /home/ras/DUM-E_ROSCode/ros2_ws/install/arduino_interfaces/include/arduino_interfaces/arduino_interfaces\n'}
[3.983181] (arduino_interfaces) StdoutLine: {'line': b'-- Up-to-date: /home/ras/DUM-E_ROSCode/ros2_ws/install/arduino_interfaces/include/arduino_interfaces/arduino_interfaces/srv\n'}
[3.983860] (arduino_interfaces) StdoutLine: {'line': b'-- Up-to-date: /home/ras/DUM-E_ROSCode/ros2_ws/install/arduino_interfaces/include/arduino_interfaces/arduino_interfaces/srv/detail\n'}
[3.984437] (arduino_interfaces) StdoutLine: {'line': b'-- Up-to-date: /home/ras/DUM-E_ROSCode/ros2_ws/install/arduino_interfaces/include/arduino_interfaces/arduino_interfaces/srv/detail/set_joint_positions__rosidl_typesupport_introspection_c.h\n'}
[3.985010] (arduino_interfaces) StdoutLine: {'line': b'-- Installing: /home/ras/DUM-E_ROSCode/ros2_ws/install/arduino_interfaces/include/arduino_interfaces/arduino_interfaces/srv/detail/set_joint_positions__type_support.c\n'}
[3.985603] (arduino_interfaces) StdoutLine: {'line': b'-- Up-to-date: /home/ras/DUM-E_ROSCode/ros2_ws/install/arduino_interfaces/include/arduino_interfaces/arduino_interfaces/msg\n'}
[3.986055] (arduino_interfaces) StdoutLine: {'line': b'-- Up-to-date: /home/ras/DUM-E_ROSCode/ros2_ws/install/arduino_interfaces/include/arduino_interfaces/arduino_interfaces/msg/detail\n'}
[3.986680] (arduino_interfaces) StdoutLine: {'line': b'-- Up-to-date: /home/ras/DUM-E_ROSCode/ros2_ws/install/arduino_interfaces/include/arduino_interfaces/arduino_interfaces/msg/detail/num__rosidl_typesupport_introspection_c.h\n'}
[3.987099] (arduino_interfaces) StdoutLine: {'line': b'-- Installing: /home/ras/DUM-E_ROSCode/ros2_ws/install/arduino_interfaces/include/arduino_interfaces/arduino_interfaces/msg/detail/num__type_support.c\n'}
[3.987737] (arduino_interfaces) StdoutLine: {'line': b'-- Up-to-date: /home/ras/DUM-E_ROSCode/ros2_ws/install/arduino_interfaces/include/arduino_interfaces/arduino_interfaces/msg/rosidl_typesupport_introspection_c__visibility_control.h\n'}
[3.988313] (arduino_interfaces) StdoutLine: {'line': b'-- Up-to-date: /home/ras/DUM-E_ROSCode/ros2_ws/install/arduino_interfaces/lib/libarduino_interfaces__rosidl_typesupport_introspection_c.so\n'}
[3.988948] (arduino_interfaces) StdoutLine: {'line': b'-- Up-to-date: /home/ras/DUM-E_ROSCode/ros2_ws/install/arduino_interfaces/lib/libarduino_interfaces__rosidl_typesupport_c.so\n'}
[3.989732] (arduino_interfaces) StdoutLine: {'line': b'-- Up-to-date: /home/ras/DUM-E_ROSCode/ros2_ws/install/arduino_interfaces/include/arduino_interfaces/arduino_interfaces\n'}
[3.990278] (arduino_interfaces) StdoutLine: {'line': b'-- Up-to-date: /home/ras/DUM-E_ROSCode/ros2_ws/install/arduino_interfaces/include/arduino_interfaces/arduino_interfaces/srv\n'}
[3.990802] (arduino_interfaces) StdoutLine: {'line': b'-- Up-to-date: /home/ras/DUM-E_ROSCode/ros2_ws/install/arduino_interfaces/include/arduino_interfaces/arduino_interfaces/srv/set_joint_positions.hpp\n'}
[3.991549] (arduino_interfaces) StdoutLine: {'line': b'-- Up-to-date: /home/ras/DUM-E_ROSCode/ros2_ws/install/arduino_interfaces/include/arduino_interfaces/arduino_interfaces/srv/detail\n'}
[3.992685] (arduino_interfaces) StdoutLine: {'line': b'-- Up-to-date: /home/ras/DUM-E_ROSCode/ros2_ws/install/arduino_interfaces/include/arduino_interfaces/arduino_interfaces/srv/detail/set_joint_positions__struct.hpp\n'}
[3.993284] (arduino_interfaces) StdoutLine: {'line': b'-- Up-to-date: /home/ras/DUM-E_ROSCode/ros2_ws/install/arduino_interfaces/include/arduino_interfaces/arduino_interfaces/srv/detail/set_joint_positions__type_support.hpp\n'}
[3.993833] (arduino_interfaces) StdoutLine: {'line': b'-- Up-to-date: /home/ras/DUM-E_ROSCode/ros2_ws/install/arduino_interfaces/include/arduino_interfaces/arduino_interfaces/srv/detail/set_joint_positions__builder.hpp\n'}
[3.994414] (arduino_interfaces) StdoutLine: {'line': b'-- Up-to-date: /home/ras/DUM-E_ROSCode/ros2_ws/install/arduino_interfaces/include/arduino_interfaces/arduino_interfaces/srv/detail/set_joint_positions__traits.hpp\n'}
[3.994942] (arduino_interfaces) StdoutLine: {'line': b'-- Up-to-date: /home/ras/DUM-E_ROSCode/ros2_ws/install/arduino_interfaces/include/arduino_interfaces/arduino_interfaces/msg\n'}
[3.995470] (arduino_interfaces) StdoutLine: {'line': b'-- Up-to-date: /home/ras/DUM-E_ROSCode/ros2_ws/install/arduino_interfaces/include/arduino_interfaces/arduino_interfaces/msg/detail\n'}
[3.995969] (arduino_interfaces) StdoutLine: {'line': b'-- Up-to-date: /home/ras/DUM-E_ROSCode/ros2_ws/install/arduino_interfaces/include/arduino_interfaces/arduino_interfaces/msg/detail/num__struct.hpp\n'}
[3.996614] (arduino_interfaces) StdoutLine: {'line': b'-- Up-to-date: /home/ras/DUM-E_ROSCode/ros2_ws/install/arduino_interfaces/include/arduino_interfaces/arduino_interfaces/msg/detail/num__builder.hpp\n'}
[3.997092] (arduino_interfaces) StdoutLine: {'line': b'-- Up-to-date: /home/ras/DUM-E_ROSCode/ros2_ws/install/arduino_interfaces/include/arduino_interfaces/arduino_interfaces/msg/detail/num__type_support.hpp\n'}
[3.997732] (arduino_interfaces) StdoutLine: {'line': b'-- Up-to-date: /home/ras/DUM-E_ROSCode/ros2_ws/install/arduino_interfaces/include/arduino_interfaces/arduino_interfaces/msg/detail/num__traits.hpp\n'}
[3.998196] (arduino_interfaces) StdoutLine: {'line': b'-- Up-to-date: /home/ras/DUM-E_ROSCode/ros2_ws/install/arduino_interfaces/include/arduino_interfaces/arduino_interfaces/msg/num.hpp\n'}
[3.998893] (arduino_interfaces) StdoutLine: {'line': b'-- Up-to-date: /home/ras/DUM-E_ROSCode/ros2_ws/install/arduino_interfaces/include/arduino_interfaces/arduino_interfaces/msg/rosidl_generator_cpp__visibility_control.hpp\n'}
[3.999633] (arduino_interfaces) StdoutLine: {'line': b'-- Up-to-date: /home/ras/DUM-E_ROSCode/ros2_ws/install/arduino_interfaces/include/arduino_interfaces/arduino_interfaces\n'}
[4.000134] (arduino_interfaces) StdoutLine: {'line': b'-- Up-to-date: /home/ras/DUM-E_ROSCode/ros2_ws/install/arduino_interfaces/include/arduino_interfaces/arduino_interfaces/srv\n'}
[4.000719] (arduino_interfaces) StdoutLine: {'line': b'-- Up-to-date: /home/ras/DUM-E_ROSCode/ros2_ws/install/arduino_interfaces/include/arduino_interfaces/arduino_interfaces/srv/detail\n'}
[4.001130] (arduino_interfaces) StdoutLine: {'line': b'-- Up-to-date: /home/ras/DUM-E_ROSCode/ros2_ws/install/arduino_interfaces/include/arduino_interfaces/arduino_interfaces/srv/detail/dds_fastrtps\n'}
[4.001658] (arduino_interfaces) StdoutLine: {'line': b'-- Up-to-date: /home/ras/DUM-E_ROSCode/ros2_ws/install/arduino_interfaces/include/arduino_interfaces/arduino_interfaces/srv/detail/set_joint_positions__rosidl_typesupport_fastrtps_cpp.hpp\n'}
[4.002071] (arduino_interfaces) StdoutLine: {'line': b'-- Up-to-date: /home/ras/DUM-E_ROSCode/ros2_ws/install/arduino_interfaces/include/arduino_interfaces/arduino_interfaces/msg\n'}
[4.002562] (arduino_interfaces) StdoutLine: {'line': b'-- Up-to-date: /home/ras/DUM-E_ROSCode/ros2_ws/install/arduino_interfaces/include/arduino_interfaces/arduino_interfaces/msg/detail\n'}
[4.003081] (arduino_interfaces) StdoutLine: {'line': b'-- Up-to-date: /home/ras/DUM-E_ROSCode/ros2_ws/install/arduino_interfaces/include/arduino_interfaces/arduino_interfaces/msg/detail/num__rosidl_typesupport_fastrtps_cpp.hpp\n'}
[4.003893] (arduino_interfaces) StdoutLine: {'line': b'-- Up-to-date: /home/ras/DUM-E_ROSCode/ros2_ws/install/arduino_interfaces/include/arduino_interfaces/arduino_interfaces/msg/detail/dds_fastrtps\n'}
[4.004555] (arduino_interfaces) StdoutLine: {'line': b'-- Up-to-date: /home/ras/DUM-E_ROSCode/ros2_ws/install/arduino_interfaces/include/arduino_interfaces/arduino_interfaces/msg/rosidl_typesupport_fastrtps_cpp__visibility_control.h\n'}
[4.005127] (arduino_interfaces) StdoutLine: {'line': b'-- Up-to-date: /home/ras/DUM-E_ROSCode/ros2_ws/install/arduino_interfaces/lib/libarduino_interfaces__rosidl_typesupport_fastrtps_cpp.so\n'}
[4.005731] (-) TimerEvent: {}
[4.006179] (arduino_interfaces) StdoutLine: {'line': b'-- Up-to-date: /home/ras/DUM-E_ROSCode/ros2_ws/install/arduino_interfaces/include/arduino_interfaces/arduino_interfaces\n'}
[4.009299] (arduino_interfaces) StdoutLine: {'line': b'-- Up-to-date: /home/ras/DUM-E_ROSCode/ros2_ws/install/arduino_interfaces/include/arduino_interfaces/arduino_interfaces/srv\n'}
[4.011037] (arduino_interfaces) StdoutLine: {'line': b'-- Up-to-date: /home/ras/DUM-E_ROSCode/ros2_ws/install/arduino_interfaces/include/arduino_interfaces/arduino_interfaces/srv/detail\n'}
[4.016942] (arduino_interfaces) StdoutLine: {'line': b'-- Up-to-date: /home/ras/DUM-E_ROSCode/ros2_ws/install/arduino_interfaces/include/arduino_interfaces/arduino_interfaces/srv/detail/set_joint_positions__type_support.cpp\n'}
[4.020865] (arduino_interfaces) StdoutLine: {'line': b'-- Up-to-date: /home/ras/DUM-E_ROSCode/ros2_ws/install/arduino_interfaces/include/arduino_interfaces/arduino_interfaces/srv/detail/set_joint_positions__rosidl_typesupport_introspection_cpp.hpp\n'}
[4.022455] (arduino_interfaces) StdoutLine: {'line': b'-- Up-to-date: /home/ras/DUM-E_ROSCode/ros2_ws/install/arduino_interfaces/include/arduino_interfaces/arduino_interfaces/msg\n'}
[4.026960] (arduino_interfaces) StdoutLine: {'line': b'-- Up-to-date: /home/ras/DUM-E_ROSCode/ros2_ws/install/arduino_interfaces/include/arduino_interfaces/arduino_interfaces/msg/detail\n'}
[4.028332] (arduino_interfaces) StdoutLine: {'line': b'-- Up-to-date: /home/ras/DUM-E_ROSCode/ros2_ws/install/arduino_interfaces/include/arduino_interfaces/arduino_interfaces/msg/detail/num__rosidl_typesupport_introspection_cpp.hpp\n'}
[4.032718] (arduino_interfaces) StdoutLine: {'line': b'-- Up-to-date: /home/ras/DUM-E_ROSCode/ros2_ws/install/arduino_interfaces/include/arduino_interfaces/arduino_interfaces/msg/detail/num__type_support.cpp\n'}
[4.034043] (arduino_interfaces) StdoutLine: {'line': b'-- Up-to-date: /home/ras/DUM-E_ROSCode/ros2_ws/install/arduino_interfaces/lib/libarduino_interfaces__rosidl_typesupport_introspection_cpp.so\n'}
[4.035185] (arduino_interfaces) StdoutLine: {'line': b'-- Up-to-date: /home/ras/DUM-E_ROSCode/ros2_ws/install/arduino_interfaces/lib/libarduino_interfaces__rosidl_typesupport_cpp.so\n'}
[4.039890] (arduino_interfaces) StdoutLine: {'line': b'-- Up-to-date: /home/ras/DUM-E_ROSCode/ros2_ws/install/arduino_interfaces/share/arduino_interfaces/environment/pythonpath.sh\n'}
[4.041170] (arduino_interfaces) StdoutLine: {'line': b'-- Up-to-date: /home/ras/DUM-E_ROSCode/ros2_ws/install/arduino_interfaces/share/arduino_interfaces/environment/pythonpath.dsv\n'}
[4.043865] (arduino_interfaces) StdoutLine: {'line': b'-- Up-to-date: /home/ras/DUM-E_ROSCode/ros2_ws/install/arduino_interfaces/lib/python3.12/site-packages/arduino_interfaces-0.0.0-py3.12.egg-info\n'}
[4.050327] (arduino_interfaces) StdoutLine: {'line': b'-- Installing: /home/ras/DUM-E_ROSCode/ros2_ws/install/arduino_interfaces/lib/python3.12/site-packages/arduino_interfaces-0.0.0-py3.12.egg-info/dependency_links.txt\n'}
[4.051882] (arduino_interfaces) StdoutLine: {'line': b'-- Installing: /home/ras/DUM-E_ROSCode/ros2_ws/install/arduino_interfaces/lib/python3.12/site-packages/arduino_interfaces-0.0.0-py3.12.egg-info/PKG-INFO\n'}
[4.053164] (arduino_interfaces) StdoutLine: {'line': b'-- Installing: /home/ras/DUM-E_ROSCode/ros2_ws/install/arduino_interfaces/lib/python3.12/site-packages/arduino_interfaces-0.0.0-py3.12.egg-info/top_level.txt\n'}
[4.057864] (arduino_interfaces) StdoutLine: {'line': b'-- Installing: /home/ras/DUM-E_ROSCode/ros2_ws/install/arduino_interfaces/lib/python3.12/site-packages/arduino_interfaces-0.0.0-py3.12.egg-info/SOURCES.txt\n'}
[4.059105] (arduino_interfaces) StdoutLine: {'line': b'-- Up-to-date: /home/ras/DUM-E_ROSCode/ros2_ws/install/arduino_interfaces/lib/python3.12/site-packages/arduino_interfaces\n'}
[4.063678] (arduino_interfaces) StdoutLine: {'line': b'-- Up-to-date: /home/ras/DUM-E_ROSCode/ros2_ws/install/arduino_interfaces/lib/python3.12/site-packages/arduino_interfaces/_arduino_interfaces_s.ep.rosidl_typesupport_fastrtps_c.c\n'}
[4.064834] (arduino_interfaces) StdoutLine: {'line': b'-- Up-to-date: /home/ras/DUM-E_ROSCode/ros2_ws/install/arduino_interfaces/lib/python3.12/site-packages/arduino_interfaces/arduino_interfaces_s__rosidl_typesupport_fastrtps_c.so\n'}
[4.070922] (arduino_interfaces) StdoutLine: {'line': b'-- Up-to-date: /home/ras/DUM-E_ROSCode/ros2_ws/install/arduino_interfaces/lib/python3.12/site-packages/arduino_interfaces/_arduino_interfaces_s.ep.rosidl_typesupport_c.c\n'}
[4.071816] (arduino_interfaces) StdoutLine: {'line': b'-- Up-to-date: /home/ras/DUM-E_ROSCode/ros2_ws/install/arduino_interfaces/lib/python3.12/site-packages/arduino_interfaces/arduino_interfaces_s__rosidl_typesupport_c.so\n'}
[4.072552] (arduino_interfaces) StdoutLine: {'line': b'-- Up-to-date: /home/ras/DUM-E_ROSCode/ros2_ws/install/arduino_interfaces/lib/python3.12/site-packages/arduino_interfaces/srv\n'}
[4.080391] (arduino_interfaces) StdoutLine: {'line': b'-- Up-to-date: /home/ras/DUM-E_ROSCode/ros2_ws/install/arduino_interfaces/lib/python3.12/site-packages/arduino_interfaces/srv/_set_joint_positions_s.c\n'}
[4.082030] (arduino_interfaces) StdoutLine: {'line': b'-- Up-to-date: /home/ras/DUM-E_ROSCode/ros2_ws/install/arduino_interfaces/lib/python3.12/site-packages/arduino_interfaces/srv/_set_joint_positions.py\n'}
[4.088512] (arduino_interfaces) StdoutLine: {'line': b'-- Up-to-date: /home/ras/DUM-E_ROSCode/ros2_ws/install/arduino_interfaces/lib/python3.12/site-packages/arduino_interfaces/srv/__init__.py\n'}
[4.092403] (arduino_interfaces) StdoutLine: {'line': b'-- Up-to-date: /home/ras/DUM-E_ROSCode/ros2_ws/install/arduino_interfaces/lib/python3.12/site-packages/arduino_interfaces/arduino_interfaces_s__rosidl_typesupport_introspection_c.so\n'}
[4.093802] (arduino_interfaces) StdoutLine: {'line': b'-- Up-to-date: /home/ras/DUM-E_ROSCode/ros2_ws/install/arduino_interfaces/lib/python3.12/site-packages/arduino_interfaces/_arduino_interfaces_s.ep.rosidl_typesupport_introspection_c.c\n'}
[4.100811] (arduino_interfaces) StdoutLine: {'line': b'-- Up-to-date: /home/ras/DUM-E_ROSCode/ros2_ws/install/arduino_interfaces/lib/python3.12/site-packages/arduino_interfaces/__init__.py\n'}
[4.104659] (arduino_interfaces) StdoutLine: {'line': b'-- Up-to-date: /home/ras/DUM-E_ROSCode/ros2_ws/install/arduino_interfaces/lib/python3.12/site-packages/arduino_interfaces/msg\n'}
[4.105493] (arduino_interfaces) StdoutLine: {'line': b'-- Up-to-date: /home/ras/DUM-E_ROSCode/ros2_ws/install/arduino_interfaces/lib/python3.12/site-packages/arduino_interfaces/msg/_num_s.c\n'}
[4.106868] (-) TimerEvent: {}
[4.115915] (arduino_interfaces) StdoutLine: {'line': b'-- Up-to-date: /home/ras/DUM-E_ROSCode/ros2_ws/install/arduino_interfaces/lib/python3.12/site-packages/arduino_interfaces/msg/__init__.py\n'}
[4.117181] (arduino_interfaces) StdoutLine: {'line': b'-- Up-to-date: /home/ras/DUM-E_ROSCode/ros2_ws/install/arduino_interfaces/lib/python3.12/site-packages/arduino_interfaces/msg/_num.py\n'}
[4.118097] (tutorial_interfaces) StdoutLine: {'line': b"reading manifest file 'tutorial_interfaces.egg-info/SOURCES.txt'\n"}
[4.125165] (tutorial_interfaces) StdoutLine: {'line': b"writing manifest file 'tutorial_interfaces.egg-info/SOURCES.txt'\n"}
[4.203554] (tutorial_interfaces) StdoutLine: {'line': b'[100%] Built target ament_cmake_python_build_tutorial_interfaces_egg\n'}
[4.207396] (-) TimerEvent: {}
[4.280951] (tutorial_interfaces) CommandEnded: {'returncode': 0}
[4.284061] (tutorial_interfaces) JobProgress: {'identifier': 'tutorial_interfaces', 'progress': 'install'}
[4.288374] (tutorial_interfaces) Command: {'cmd': ['/usr/bin/cmake', '--install', '/home/ras/DUM-E_ROSCode/ros2_ws/build/tutorial_interfaces'], 'cwd': '/home/ras/DUM-E_ROSCode/ros2_ws/build/tutorial_interfaces', 'env': OrderedDict({'LESSOPEN': '| /usr/bin/lesspipe %s', 'USER': 'ras', 'SSH_CLIENT': '145.93.117.102 55360 22', 'LC_TIME': 'nl_NL.UTF-8', 'XDG_SESSION_TYPE': 'tty', 'SHLVL': '1', 'LD_LIBRARY_PATH': '/home/ras/DUM-E_ROSCode/ros2_ws/install/tutorial_interfaces/lib:/home/ras/DUM-E_ROSCode/ros2_ws/install/arduino_interfaces/lib:/opt/ros/jazzy/opt/rviz_ogre_vendor/lib:/opt/ros/jazzy/lib/aarch64-linux-gnu:/opt/ros/jazzy/opt/gz_math_vendor/lib:/opt/ros/jazzy/opt/gz_utils_vendor/lib:/opt/ros/jazzy/opt/gz_cmake_vendor/lib:/opt/ros/jazzy/lib', 'HOME': '/home/ras', 'OLDPWD': '/home/ras/DUM-E_ROSCode', 'SSH_TTY': '/dev/pts/3', 'ROS_PYTHON_VERSION': '3', 'LC_MONETARY': 'nl_NL.UTF-8', 'DBUS_SESSION_BUS_ADDRESS': 'unix:path=/run/user/1002/bus', 'DEBUGINFOD_URLS': 'https://debuginfod.ubuntu.com', 'COLCON_PREFIX_PATH': '/home/ras/DUM-E_ROSCode/ros2_ws/install', 'ROS_DISTRO': 'jazzy', 'LOGNAME': 'ras', '_': '/usr/bin/colcon', 'ROS_VERSION': '2', 'XDG_SESSION_CLASS': 'user', 'TERM': 'xterm-256color', 'XDG_SESSION_ID': '28', 'PATH': '/opt/ros/jazzy/bin:/home/ras/.local/bin:/usr/local/sbin:/usr/local/bin:/usr/sbin:/usr/bin:/sbin:/bin:/usr/games:/usr/local/games:/snap/bin', 'LC_ADDRESS': 'nl_NL.UTF-8', 'XDG_RUNTIME_DIR': '/run/user/1002', 'LANG': 'C.UTF-8', 'LC_TELEPHONE': 'nl_NL.UTF-8', 'LS_COLORS': 'rs=0:di=01;34:ln=01;36:mh=00:pi=40;33:so=01;35:do=01;35:bd=40;33;01:cd=40;33;01:or=40;31;01:mi=00:su=37;41:sg=30;43:ca=00:tw=30;42:ow=34;42:st=37;44:ex=01;32:*.tar=01;31:*.tgz=01;31:*.arc=01;31:*.arj=01;31:*.taz=01;31:*.lha=01;31:*.lz4=01;31:*.lzh=01;31:*.lzma=01;31:*.tlz=01;31:*.txz=01;31:*.tzo=01;31:*.t7z=01;31:*.zip=01;31:*.z=01;31:*.dz=01;31:*.gz=01;31:*.lrz=01;31:*.lz=01;31:*.lzo=01;31:*.xz=01;31:*.zst=01;31:*.tzst=01;31:*.bz2=01;31:*.bz=01;31:*.tbz=01;31:*.tbz2=01;31:*.tz=01;31:*.deb=01;31:*.rpm=01;31:*.jar=01;31:*.war=01;31:*.ear=01;31:*.sar=01;31:*.rar=01;31:*.alz=01;31:*.ace=01;31:*.zoo=01;31:*.cpio=01;31:*.7z=01;31:*.rz=01;31:*.cab=01;31:*.wim=01;31:*.swm=01;31:*.dwm=01;31:*.esd=01;31:*.avif=01;35:*.jpg=01;35:*.jpeg=01;35:*.mjpg=01;35:*.mjpeg=01;35:*.gif=01;35:*.bmp=01;35:*.pbm=01;35:*.pgm=01;35:*.ppm=01;35:*.tga=01;35:*.xbm=01;35:*.xpm=01;35:*.tif=01;35:*.tiff=01;35:*.png=01;35:*.svg=01;35:*.svgz=01;35:*.mng=01;35:*.pcx=01;35:*.mov=01;35:*.mpg=01;35:*.mpeg=01;35:*.m2v=01;35:*.mkv=01;35:*.webm=01;35:*.webp=01;35:*.ogm=01;35:*.mp4=01;35:*.m4v=01;35:*.mp4v=01;35:*.vob=01;35:*.qt=01;35:*.nuv=01;35:*.wmv=01;35:*.asf=01;35:*.rm=01;35:*.rmvb=01;35:*.flc=01;35:*.avi=01;35:*.fli=01;35:*.flv=01;35:*.gl=01;35:*.dl=01;35:*.xcf=01;35:*.xwd=01;35:*.yuv=01;35:*.cgm=01;35:*.emf=01;35:*.ogv=01;35:*.ogx=01;35:*.aac=00;36:*.au=00;36:*.flac=00;36:*.m4a=00;36:*.mid=00;36:*.midi=00;36:*.mka=00;36:*.mp3=00;36:*.mpc=00;36:*.ogg=00;36:*.ra=00;36:*.wav=00;36:*.oga=00;36:*.opus=00;36:*.spx=00;36:*.xspf=00;36:*~=00;90:*#=00;90:*.bak=00;90:*.crdownload=00;90:*.dpkg-dist=00;90:*.dpkg-new=00;90:*.dpkg-old=00;90:*.dpkg-tmp=00;90:*.old=00;90:*.orig=00;90:*.part=00;90:*.rej=00;90:*.rpmnew=00;90:*.rpmorig=00;90:*.rpmsave=00;90:*.swp=00;90:*.tmp=00;90:*.ucf-dist=00;90:*.ucf-new=00;90:*.ucf-old=00;90:', 'AMENT_PREFIX_PATH': '/home/ras/DUM-E_ROSCode/ros2_ws/install/py_srvcli:/home/ras/DUM-E_ROSCode/ros2_ws/install/tutorial_interfaces:/home/ras/DUM-E_ROSCode/ros2_ws/install/my_package:/home/ras/DUM-E_ROSCode/ros2_ws/install/arduino_interfaces:/opt/ros/jazzy', 'SHELL': '/bin/bash', 'LC_NAME': 'nl_NL.UTF-8', 'LESSCLOSE': '/usr/bin/lesspipe %s %s', 'LC_MEASUREMENT': 'nl_NL.UTF-8', 'LC_IDENTIFICATION': 'nl_NL.UTF-8', 'ROS_AUTOMATIC_DISCOVERY_RANGE': 'SUBNET', 'PWD': '/home/ras/DUM-E_ROSCode/ros2_ws/build/tutorial_interfaces', 'LC_ALL': 'en_US.UTF-8', 'SSH_CONNECTION': '145.93.117.102 55360 145.93.236.46 22', 'XDG_DATA_DIRS': '/usr/share/gnome:/usr/local/share:/usr/share:/var/lib/snapd/desktop', 'PYTHONPATH': '/home/ras/DUM-E_ROSCode/ros2_ws/install/py_srvcli/lib/python3.12/site-packages:/home/ras/DUM-E_ROSCode/ros2_ws/install/tutorial_interfaces/lib/python3.12/site-packages:/home/ras/DUM-E_ROSCode/ros2_ws/install/my_package/lib/python3.12/site-packages:/home/ras/DUM-E_ROSCode/ros2_ws/install/arduino_interfaces/lib/python3.12/site-packages:/opt/ros/jazzy/lib/python3.12/site-packages', 'LC_NUMERIC': 'nl_NL.UTF-8', 'LC_PAPER': 'nl_NL.UTF-8', 'COLCON': '1', 'CMAKE_PREFIX_PATH': '/home/ras/DUM-E_ROSCode/ros2_ws/install/tutorial_interfaces:/home/ras/DUM-E_ROSCode/ros2_ws/install/arduino_interfaces:/opt/ros/jazzy/opt/gz_math_vendor:/opt/ros/jazzy/opt/gz_utils_vendor:/opt/ros/jazzy/opt/gz_cmake_vendor:/home/ras/DUM-E_ROSCode/ros2_ws/install/py_srvcli:/home/ras/DUM-E_ROSCode/ros2_ws/install/my_package:/opt/ros/jazzy'}), 'shell': False}
[4.297464] (arduino_interfaces) StdoutLine: {'line': b"Listing '/home/ras/DUM-E_ROSCode/ros2_ws/install/arduino_interfaces/lib/python3.12/site-packages/arduino_interfaces'...\n"}
[4.302585] (arduino_interfaces) StdoutLine: {'line': b"Listing '/home/ras/DUM-E_ROSCode/ros2_ws/install/arduino_interfaces/lib/python3.12/site-packages/arduino_interfaces/msg'...\n"}
[4.303131] (arduino_interfaces) StdoutLine: {'line': b"Listing '/home/ras/DUM-E_ROSCode/ros2_ws/install/arduino_interfaces/lib/python3.12/site-packages/arduino_interfaces/srv'...\n"}
[4.307580] (-) TimerEvent: {}
[4.340485] (arduino_interfaces) StdoutLine: {'line': b'-- Up-to-date: /home/ras/DUM-E_ROSCode/ros2_ws/install/arduino_interfaces/lib/python3.12/site-packages/arduino_interfaces/arduino_interfaces_s__rosidl_typesupport_fastrtps_c.so\n'}
[4.343418] (arduino_interfaces) StdoutLine: {'line': b'-- Up-to-date: /home/ras/DUM-E_ROSCode/ros2_ws/install/arduino_interfaces/lib/python3.12/site-packages/arduino_interfaces/arduino_interfaces_s__rosidl_typesupport_introspection_c.so\n'}
[4.346551] (arduino_interfaces) StdoutLine: {'line': b'-- Up-to-date: /home/ras/DUM-E_ROSCode/ros2_ws/install/arduino_interfaces/lib/python3.12/site-packages/arduino_interfaces/arduino_interfaces_s__rosidl_typesupport_c.so\n'}
[4.349874] (arduino_interfaces) StdoutLine: {'line': b'-- Up-to-date: /home/ras/DUM-E_ROSCode/ros2_ws/install/arduino_interfaces/lib/libarduino_interfaces__rosidl_generator_py.so\n'}
[4.350789] (arduino_interfaces) StdoutLine: {'line': b'-- Up-to-date: /home/ras/DUM-E_ROSCode/ros2_ws/install/arduino_interfaces/share/arduino_interfaces/msg/Num.idl\n'}
[4.351294] (arduino_interfaces) StdoutLine: {'line': b'-- Up-to-date: /home/ras/DUM-E_ROSCode/ros2_ws/install/arduino_interfaces/share/arduino_interfaces/srv/SetJointPositions.idl\n'}
[4.354972] (arduino_interfaces) StdoutLine: {'line': b'-- Up-to-date: /home/ras/DUM-E_ROSCode/ros2_ws/install/arduino_interfaces/share/arduino_interfaces/msg/Num.msg\n'}
[4.358945] (arduino_interfaces) StdoutLine: {'line': b'-- Up-to-date: /home/ras/DUM-E_ROSCode/ros2_ws/install/arduino_interfaces/share/arduino_interfaces/srv/SetJointPositions.srv\n'}
[4.359639] (arduino_interfaces) StdoutLine: {'line': b'-- Up-to-date: /home/ras/DUM-E_ROSCode/ros2_ws/install/arduino_interfaces/share/ament_index/resource_index/package_run_dependencies/arduino_interfaces\n'}
[4.360128] (arduino_interfaces) StdoutLine: {'line': b'-- Up-to-date: /home/ras/DUM-E_ROSCode/ros2_ws/install/arduino_interfaces/share/ament_index/resource_index/parent_prefix_path/arduino_interfaces\n'}
[4.360675] (arduino_interfaces) StdoutLine: {'line': b'-- Up-to-date: /home/ras/DUM-E_ROSCode/ros2_ws/install/arduino_interfaces/share/arduino_interfaces/environment/ament_prefix_path.sh\n'}
[4.361142] (arduino_interfaces) StdoutLine: {'line': b'-- Up-to-date: /home/ras/DUM-E_ROSCode/ros2_ws/install/arduino_interfaces/share/arduino_interfaces/environment/ament_prefix_path.dsv\n'}
[4.366737] (arduino_interfaces) StdoutLine: {'line': b'-- Up-to-date: /home/ras/DUM-E_ROSCode/ros2_ws/install/arduino_interfaces/share/arduino_interfaces/environment/path.sh\n'}
[4.369405] (arduino_interfaces) StdoutLine: {'line': b'-- Up-to-date: /home/ras/DUM-E_ROSCode/ros2_ws/install/arduino_interfaces/share/arduino_interfaces/environment/path.dsv\n'}
[4.370861] (arduino_interfaces) StdoutLine: {'line': b'-- Up-to-date: /home/ras/DUM-E_ROSCode/ros2_ws/install/arduino_interfaces/share/arduino_interfaces/local_setup.bash\n'}
[4.373053] (arduino_interfaces) StdoutLine: {'line': b'-- Up-to-date: /home/ras/DUM-E_ROSCode/ros2_ws/install/arduino_interfaces/share/arduino_interfaces/local_setup.sh\n'}
[4.374023] (arduino_interfaces) StdoutLine: {'line': b'-- Up-to-date: /home/ras/DUM-E_ROSCode/ros2_ws/install/arduino_interfaces/share/arduino_interfaces/local_setup.zsh\n'}
[4.374583] (arduino_interfaces) StdoutLine: {'line': b'-- Up-to-date: /home/ras/DUM-E_ROSCode/ros2_ws/install/arduino_interfaces/share/arduino_interfaces/local_setup.dsv\n'}
[4.377643] (arduino_interfaces) StdoutLine: {'line': b'-- Installing: /home/ras/DUM-E_ROSCode/ros2_ws/install/arduino_interfaces/share/arduino_interfaces/package.dsv\n'}
[4.378139] (tutorial_interfaces) StdoutLine: {'line': b'-- Install configuration: ""\n'}
[4.381306] (tutorial_interfaces) StdoutLine: {'line': b'-- Up-to-date: /home/ras/DUM-E_ROSCode/ros2_ws/install/tutorial_interfaces/share/ament_index/resource_index/rosidl_interfaces/tutorial_interfaces\n'}
[4.383571] (tutorial_interfaces) StdoutLine: {'line': b'-- Up-to-date: /home/ras/DUM-E_ROSCode/ros2_ws/install/tutorial_interfaces/share/tutorial_interfaces/msg/Num.json\n'}
[4.386469] (tutorial_interfaces) StdoutLine: {'line': b'-- Up-to-date: /home/ras/DUM-E_ROSCode/ros2_ws/install/tutorial_interfaces/share/tutorial_interfaces/msg/Sphere.json\n'}
[4.389980] (arduino_interfaces) StdoutLine: {'line': b'-- Up-to-date: /home/ras/DUM-E_ROSCode/ros2_ws/install/arduino_interfaces/share/ament_index/resource_index/packages/arduino_interfaces\n'}
[4.392593] (tutorial_interfaces) StdoutLine: {'line': b'-- Up-to-date: /home/ras/DUM-E_ROSCode/ros2_ws/install/tutorial_interfaces/share/tutorial_interfaces/srv/AddThreeInts.json\n'}
[4.398137] (tutorial_interfaces) StdoutLine: {'line': b'-- Up-to-date: /home/ras/DUM-E_ROSCode/ros2_ws/install/tutorial_interfaces/include/tutorial_interfaces/tutorial_interfaces\n'}
[4.402591] (tutorial_interfaces) StdoutLine: {'line': b'-- Up-to-date: /home/ras/DUM-E_ROSCode/ros2_ws/install/tutorial_interfaces/include/tutorial_interfaces/tutorial_interfaces/srv\n'}
[4.405972] (tutorial_interfaces) StdoutLine: {'line': b'-- Up-to-date: /home/ras/DUM-E_ROSCode/ros2_ws/install/tutorial_interfaces/include/tutorial_interfaces/tutorial_interfaces/srv/add_three_ints.h\n'}
[4.411042] (-) TimerEvent: {}
[4.411620] (tutorial_interfaces) StdoutLine: {'line': b'-- Up-to-date: /home/ras/DUM-E_ROSCode/ros2_ws/install/tutorial_interfaces/include/tutorial_interfaces/tutorial_interfaces/srv/detail\n'}
[4.414109] (tutorial_interfaces) StdoutLine: {'line': b'-- Up-to-date: /home/ras/DUM-E_ROSCode/ros2_ws/install/tutorial_interfaces/include/tutorial_interfaces/tutorial_interfaces/srv/detail/add_three_ints__description.c\n'}
[4.419749] (tutorial_interfaces) StdoutLine: {'line': b'-- Up-to-date: /home/ras/DUM-E_ROSCode/ros2_ws/install/tutorial_interfaces/include/tutorial_interfaces/tutorial_interfaces/srv/detail/add_three_ints__functions.c\n'}
[4.423746] (tutorial_interfaces) StdoutLine: {'line': b'-- Up-to-date: /home/ras/DUM-E_ROSCode/ros2_ws/install/tutorial_interfaces/include/tutorial_interfaces/tutorial_interfaces/srv/detail/add_three_ints__type_support.h\n'}
[4.426623] (tutorial_interfaces) StdoutLine: {'line': b'-- Up-to-date: /home/ras/DUM-E_ROSCode/ros2_ws/install/tutorial_interfaces/include/tutorial_interfaces/tutorial_interfaces/srv/detail/add_three_ints__struct.h\n'}
[4.427641] (tutorial_interfaces) StdoutLine: {'line': b'-- Up-to-date: /home/ras/DUM-E_ROSCode/ros2_ws/install/tutorial_interfaces/include/tutorial_interfaces/tutorial_interfaces/srv/detail/add_three_ints__functions.h\n'}
[4.431898] (tutorial_interfaces) StdoutLine: {'line': b'-- Installing: /home/ras/DUM-E_ROSCode/ros2_ws/install/tutorial_interfaces/include/tutorial_interfaces/tutorial_interfaces/srv/detail/add_three_ints__type_support.c\n'}
[4.432634] (tutorial_interfaces) StdoutLine: {'line': b'-- Up-to-date: /home/ras/DUM-E_ROSCode/ros2_ws/install/tutorial_interfaces/include/tutorial_interfaces/tutorial_interfaces/msg\n'}
[4.437295] (tutorial_interfaces) StdoutLine: {'line': b'-- Up-to-date: /home/ras/DUM-E_ROSCode/ros2_ws/install/tutorial_interfaces/include/tutorial_interfaces/tutorial_interfaces/msg/rosidl_generator_c__visibility_control.h\n'}
[4.439831] (tutorial_interfaces) StdoutLine: {'line': b'-- Up-to-date: /home/ras/DUM-E_ROSCode/ros2_ws/install/tutorial_interfaces/include/tutorial_interfaces/tutorial_interfaces/msg/detail\n'}
[4.444020] (arduino_interfaces) StdoutLine: {'line': b'-- Up-to-date: /home/ras/DUM-E_ROSCode/ros2_ws/install/arduino_interfaces/share/arduino_interfaces/cmake/export_arduino_interfaces__rosidl_generator_cExport.cmake\n'}
[4.446151] (arduino_interfaces) StdoutLine: {'line': b'-- Up-to-date: /home/ras/DUM-E_ROSCode/ros2_ws/install/arduino_interfaces/share/arduino_interfaces/cmake/export_arduino_interfaces__rosidl_generator_cExport-noconfig.cmake\n'}
[4.450039] (tutorial_interfaces) StdoutLine: {'line': b'-- Up-to-date: /home/ras/DUM-E_ROSCode/ros2_ws/install/tutorial_interfaces/include/tutorial_interfaces/tutorial_interfaces/msg/detail/num__struct.h\n'}
[4.451137] (tutorial_interfaces) StdoutLine: {'line': b'-- Up-to-date: /home/ras/DUM-E_ROSCode/ros2_ws/install/tutorial_interfaces/include/tutorial_interfaces/tutorial_interfaces/msg/detail/num__functions.h\n'}
[4.452020] (tutorial_interfaces) StdoutLine: {'line': b'-- Installing: /home/ras/DUM-E_ROSCode/ros2_ws/install/tutorial_interfaces/include/tutorial_interfaces/tutorial_interfaces/msg/detail/sphere__type_support.c\n'}
[4.455246] (tutorial_interfaces) StdoutLine: {'line': b'-- Up-to-date: /home/ras/DUM-E_ROSCode/ros2_ws/install/tutorial_interfaces/include/tutorial_interfaces/tutorial_interfaces/msg/detail/num__type_support.h\n'}
[4.455873] (tutorial_interfaces) StdoutLine: {'line': b'-- Up-to-date: /home/ras/DUM-E_ROSCode/ros2_ws/install/tutorial_interfaces/include/tutorial_interfaces/tutorial_interfaces/msg/detail/num__functions.c\n'}
[4.456438] (tutorial_interfaces) StdoutLine: {'line': b'-- Up-to-date: /home/ras/DUM-E_ROSCode/ros2_ws/install/tutorial_interfaces/include/tutorial_interfaces/tutorial_interfaces/msg/detail/num__description.c\n'}
[4.456923] (tutorial_interfaces) StdoutLine: {'line': b'-- Up-to-date: /home/ras/DUM-E_ROSCode/ros2_ws/install/tutorial_interfaces/include/tutorial_interfaces/tutorial_interfaces/msg/detail/sphere__type_support.h\n'}
[4.457347] (tutorial_interfaces) StdoutLine: {'line': b'-- Up-to-date: /home/ras/DUM-E_ROSCode/ros2_ws/install/tutorial_interfaces/include/tutorial_interfaces/tutorial_interfaces/msg/detail/sphere__struct.h\n'}
[4.457764] (tutorial_interfaces) StdoutLine: {'line': b'-- Up-to-date: /home/ras/DUM-E_ROSCode/ros2_ws/install/tutorial_interfaces/include/tutorial_interfaces/tutorial_interfaces/msg/detail/sphere__functions.c\n'}
[4.458157] (tutorial_interfaces) StdoutLine: {'line': b'-- Up-to-date: /home/ras/DUM-E_ROSCode/ros2_ws/install/tutorial_interfaces/include/tutorial_interfaces/tutorial_interfaces/msg/detail/sphere__functions.h\n'}
[4.462024] (tutorial_interfaces) StdoutLine: {'line': b'-- Installing: /home/ras/DUM-E_ROSCode/ros2_ws/install/tutorial_interfaces/include/tutorial_interfaces/tutorial_interfaces/msg/detail/num__type_support.c\n'}
[4.462787] (arduino_interfaces) StdoutLine: {'line': b'-- Up-to-date: /home/ras/DUM-E_ROSCode/ros2_ws/install/arduino_interfaces/share/arduino_interfaces/cmake/export_arduino_interfaces__rosidl_typesupport_fastrtps_cExport.cmake\n'}
[4.463540] (tutorial_interfaces) StdoutLine: {'line': b'-- Up-to-date: /home/ras/DUM-E_ROSCode/ros2_ws/install/tutorial_interfaces/include/tutorial_interfaces/tutorial_interfaces/msg/detail/sphere__description.c\n'}
[4.464096] (tutorial_interfaces) StdoutLine: {'line': b'-- Up-to-date: /home/ras/DUM-E_ROSCode/ros2_ws/install/tutorial_interfaces/include/tutorial_interfaces/tutorial_interfaces/msg/num.h\n'}
[4.471046] (tutorial_interfaces) StdoutLine: {'line': b'-- Up-to-date: /home/ras/DUM-E_ROSCode/ros2_ws/install/tutorial_interfaces/include/tutorial_interfaces/tutorial_interfaces/msg/sphere.h\n'}
[4.471810] (tutorial_interfaces) StdoutLine: {'line': b'-- Up-to-date: /home/ras/DUM-E_ROSCode/ros2_ws/install/tutorial_interfaces/share/tutorial_interfaces/environment/library_path.sh\n'}
[4.472482] (tutorial_interfaces) StdoutLine: {'line': b'-- Up-to-date: /home/ras/DUM-E_ROSCode/ros2_ws/install/tutorial_interfaces/share/tutorial_interfaces/environment/library_path.dsv\n'}
[4.473139] (tutorial_interfaces) StdoutLine: {'line': b'-- Up-to-date: /home/ras/DUM-E_ROSCode/ros2_ws/install/tutorial_interfaces/lib/libtutorial_interfaces__rosidl_generator_c.so\n'}
[4.479665] (arduino_interfaces) StdoutLine: {'line': b'-- Up-to-date: /home/ras/DUM-E_ROSCode/ros2_ws/install/arduino_interfaces/share/arduino_interfaces/cmake/export_arduino_interfaces__rosidl_typesupport_fastrtps_cExport-noconfig.cmake\n'}
[4.486498] (arduino_interfaces) StdoutLine: {'line': b'-- Up-to-date: /home/ras/DUM-E_ROSCode/ros2_ws/install/arduino_interfaces/share/arduino_interfaces/cmake/arduino_interfaces__rosidl_typesupport_introspection_cExport.cmake\n'}
[4.487430] (arduino_interfaces) StdoutLine: {'line': b'-- Up-to-date: /home/ras/DUM-E_ROSCode/ros2_ws/install/arduino_interfaces/share/arduino_interfaces/cmake/arduino_interfaces__rosidl_typesupport_introspection_cExport-noconfig.cmake\n'}
[4.490069] (tutorial_interfaces) StdoutLine: {'line': b'-- Up-to-date: /home/ras/DUM-E_ROSCode/ros2_ws/install/tutorial_interfaces/include/tutorial_interfaces/tutorial_interfaces\n'}
[4.493890] (tutorial_interfaces) StdoutLine: {'line': b'-- Up-to-date: /home/ras/DUM-E_ROSCode/ros2_ws/install/tutorial_interfaces/include/tutorial_interfaces/tutorial_interfaces/srv\n'}
[4.495084] (tutorial_interfaces) StdoutLine: {'line': b'-- Up-to-date: /home/ras/DUM-E_ROSCode/ros2_ws/install/tutorial_interfaces/include/tutorial_interfaces/tutorial_interfaces/srv/detail\n'}
[4.495562] (arduino_interfaces) StdoutLine: {'line': b'-- Up-to-date: /home/ras/DUM-E_ROSCode/ros2_ws/install/arduino_interfaces/share/arduino_interfaces/cmake/arduino_interfaces__rosidl_typesupport_cExport.cmake\n'}
[4.495973] (arduino_interfaces) StdoutLine: {'line': b'-- Up-to-date: /home/ras/DUM-E_ROSCode/ros2_ws/install/arduino_interfaces/share/arduino_interfaces/cmake/arduino_interfaces__rosidl_typesupport_cExport-noconfig.cmake\n'}
[4.496388] (tutorial_interfaces) StdoutLine: {'line': b'-- Up-to-date: /home/ras/DUM-E_ROSCode/ros2_ws/install/tutorial_interfaces/include/tutorial_interfaces/tutorial_interfaces/srv/detail/add_three_ints__rosidl_typesupport_fastrtps_c.h\n'}
[4.496821] (tutorial_interfaces) StdoutLine: {'line': b'-- Up-to-date: /home/ras/DUM-E_ROSCode/ros2_ws/install/tutorial_interfaces/include/tutorial_interfaces/tutorial_interfaces/msg\n'}
[4.499581] (tutorial_interfaces) StdoutLine: {'line': b'-- Up-to-date: /home/ras/DUM-E_ROSCode/ros2_ws/install/tutorial_interfaces/include/tutorial_interfaces/tutorial_interfaces/msg/rosidl_typesupport_fastrtps_c__visibility_control.h\n'}
[4.501694] (tutorial_interfaces) StdoutLine: {'line': b'-- Up-to-date: /home/ras/DUM-E_ROSCode/ros2_ws/install/tutorial_interfaces/include/tutorial_interfaces/tutorial_interfaces/msg/detail\n'}
[4.502148] (tutorial_interfaces) StdoutLine: {'line': b'-- Up-to-date: /home/ras/DUM-E_ROSCode/ros2_ws/install/tutorial_interfaces/include/tutorial_interfaces/tutorial_interfaces/msg/detail/sphere__rosidl_typesupport_fastrtps_c.h\n'}
[4.502620] (tutorial_interfaces) StdoutLine: {'line': b'-- Up-to-date: /home/ras/DUM-E_ROSCode/ros2_ws/install/tutorial_interfaces/include/tutorial_interfaces/tutorial_interfaces/msg/detail/num__rosidl_typesupport_fastrtps_c.h\n'}
[4.503059] (tutorial_interfaces) StdoutLine: {'line': b'-- Up-to-date: /home/ras/DUM-E_ROSCode/ros2_ws/install/tutorial_interfaces/lib/libtutorial_interfaces__rosidl_typesupport_fastrtps_c.so\n'}
[4.503604] (tutorial_interfaces) StdoutLine: {'line': b'-- Up-to-date: /home/ras/DUM-E_ROSCode/ros2_ws/install/tutorial_interfaces/include/tutorial_interfaces/tutorial_interfaces\n'}
[4.504154] (tutorial_interfaces) StdoutLine: {'line': b'-- Up-to-date: /home/ras/DUM-E_ROSCode/ros2_ws/install/tutorial_interfaces/include/tutorial_interfaces/tutorial_interfaces/srv\n'}
[4.511181] (-) TimerEvent: {}
[4.511669] (tutorial_interfaces) StdoutLine: {'line': b'-- Up-to-date: /home/ras/DUM-E_ROSCode/ros2_ws/install/tutorial_interfaces/include/tutorial_interfaces/tutorial_interfaces/srv/detail\n'}
[4.512410] (arduino_interfaces) StdoutLine: {'line': b'-- Up-to-date: /home/ras/DUM-E_ROSCode/ros2_ws/install/arduino_interfaces/share/arduino_interfaces/cmake/export_arduino_interfaces__rosidl_generator_cppExport.cmake\n'}
[4.512928] (tutorial_interfaces) StdoutLine: {'line': b'-- Up-to-date: /home/ras/DUM-E_ROSCode/ros2_ws/install/tutorial_interfaces/include/tutorial_interfaces/tutorial_interfaces/srv/detail/add_three_ints__builder.hpp\n'}
[4.513829] (tutorial_interfaces) StdoutLine: {'line': b'-- Up-to-date: /home/ras/DUM-E_ROSCode/ros2_ws/install/tutorial_interfaces/include/tutorial_interfaces/tutorial_interfaces/srv/detail/add_three_ints__struct.hpp\n'}
[4.514292] (tutorial_interfaces) StdoutLine: {'line': b'-- Up-to-date: /home/ras/DUM-E_ROSCode/ros2_ws/install/tutorial_interfaces/include/tutorial_interfaces/tutorial_interfaces/srv/detail/add_three_ints__type_support.hpp\n'}
[4.514710] (tutorial_interfaces) StdoutLine: {'line': b'-- Up-to-date: /home/ras/DUM-E_ROSCode/ros2_ws/install/tutorial_interfaces/include/tutorial_interfaces/tutorial_interfaces/srv/detail/add_three_ints__traits.hpp\n'}
[4.515061] (tutorial_interfaces) StdoutLine: {'line': b'-- Up-to-date: /home/ras/DUM-E_ROSCode/ros2_ws/install/tutorial_interfaces/include/tutorial_interfaces/tutorial_interfaces/srv/add_three_ints.hpp\n'}
[4.515468] (tutorial_interfaces) StdoutLine: {'line': b'-- Up-to-date: /home/ras/DUM-E_ROSCode/ros2_ws/install/tutorial_interfaces/include/tutorial_interfaces/tutorial_interfaces/msg\n'}
[4.515850] (tutorial_interfaces) StdoutLine: {'line': b'-- Up-to-date: /home/ras/DUM-E_ROSCode/ros2_ws/install/tutorial_interfaces/include/tutorial_interfaces/tutorial_interfaces/msg/sphere.hpp\n'}
[4.516201] (tutorial_interfaces) StdoutLine: {'line': b'-- Up-to-date: /home/ras/DUM-E_ROSCode/ros2_ws/install/tutorial_interfaces/include/tutorial_interfaces/tutorial_interfaces/msg/detail\n'}
[4.519946] (tutorial_interfaces) StdoutLine: {'line': b'-- Up-to-date: /home/ras/DUM-E_ROSCode/ros2_ws/install/tutorial_interfaces/include/tutorial_interfaces/tutorial_interfaces/msg/detail/sphere__traits.hpp\n'}
[4.520523] (tutorial_interfaces) StdoutLine: {'line': b'-- Up-to-date: /home/ras/DUM-E_ROSCode/ros2_ws/install/tutorial_interfaces/include/tutorial_interfaces/tutorial_interfaces/msg/detail/sphere__builder.hpp\n'}
[4.521022] (tutorial_interfaces) StdoutLine: {'line': b'-- Up-to-date: /home/ras/DUM-E_ROSCode/ros2_ws/install/tutorial_interfaces/include/tutorial_interfaces/tutorial_interfaces/msg/detail/sphere__struct.hpp\n'}
[4.521501] (tutorial_interfaces) StdoutLine: {'line': b'-- Up-to-date: /home/ras/DUM-E_ROSCode/ros2_ws/install/tutorial_interfaces/include/tutorial_interfaces/tutorial_interfaces/msg/detail/num__struct.hpp\n'}
[4.521921] (tutorial_interfaces) StdoutLine: {'line': b'-- Up-to-date: /home/ras/DUM-E_ROSCode/ros2_ws/install/tutorial_interfaces/include/tutorial_interfaces/tutorial_interfaces/msg/detail/num__builder.hpp\n'}
[4.525484] (tutorial_interfaces) StdoutLine: {'line': b'-- Up-to-date: /home/ras/DUM-E_ROSCode/ros2_ws/install/tutorial_interfaces/include/tutorial_interfaces/tutorial_interfaces/msg/detail/num__type_support.hpp\n'}
[4.526146] (tutorial_interfaces) StdoutLine: {'line': b'-- Up-to-date: /home/ras/DUM-E_ROSCode/ros2_ws/install/tutorial_interfaces/include/tutorial_interfaces/tutorial_interfaces/msg/detail/sphere__type_support.hpp\n'}
[4.529799] (tutorial_interfaces) StdoutLine: {'line': b'-- Up-to-date: /home/ras/DUM-E_ROSCode/ros2_ws/install/tutorial_interfaces/include/tutorial_interfaces/tutorial_interfaces/msg/detail/num__traits.hpp\n'}
[4.530525] (tutorial_interfaces) StdoutLine: {'line': b'-- Up-to-date: /home/ras/DUM-E_ROSCode/ros2_ws/install/tutorial_interfaces/include/tutorial_interfaces/tutorial_interfaces/msg/num.hpp\n'}
[4.531150] (arduino_interfaces) StdoutLine: {'line': b'-- Up-to-date: /home/ras/DUM-E_ROSCode/ros2_ws/install/arduino_interfaces/share/arduino_interfaces/cmake/export_arduino_interfaces__rosidl_typesupport_fastrtps_cppExport.cmake\n'}
[4.531757] (tutorial_interfaces) StdoutLine: {'line': b'-- Up-to-date: /home/ras/DUM-E_ROSCode/ros2_ws/install/tutorial_interfaces/include/tutorial_interfaces/tutorial_interfaces/msg/rosidl_generator_cpp__visibility_control.hpp\n'}
[4.532373] (tutorial_interfaces) StdoutLine: {'line': b'-- Up-to-date: /home/ras/DUM-E_ROSCode/ros2_ws/install/tutorial_interfaces/include/tutorial_interfaces/tutorial_interfaces\n'}
[4.532981] (tutorial_interfaces) StdoutLine: {'line': b'-- Up-to-date: /home/ras/DUM-E_ROSCode/ros2_ws/install/tutorial_interfaces/include/tutorial_interfaces/tutorial_interfaces/srv\n'}
[4.537274] (tutorial_interfaces) StdoutLine: {'line': b'-- Up-to-date: /home/ras/DUM-E_ROSCode/ros2_ws/install/tutorial_interfaces/include/tutorial_interfaces/tutorial_interfaces/srv/detail\n'}
[4.537879] (tutorial_interfaces) StdoutLine: {'line': b'-- Up-to-date: /home/ras/DUM-E_ROSCode/ros2_ws/install/tutorial_interfaces/include/tutorial_interfaces/tutorial_interfaces/srv/detail/add_three_ints__rosidl_typesupport_fastrtps_cpp.hpp\n'}
[4.538544] (arduino_interfaces) StdoutLine: {'line': b'-- Up-to-date: /home/ras/DUM-E_ROSCode/ros2_ws/install/arduino_interfaces/share/arduino_interfaces/cmake/export_arduino_interfaces__rosidl_typesupport_fastrtps_cppExport-noconfig.cmake\n'}
[4.539420] (tutorial_interfaces) StdoutLine: {'line': b'-- Up-to-date: /home/ras/DUM-E_ROSCode/ros2_ws/install/tutorial_interfaces/include/tutorial_interfaces/tutorial_interfaces/srv/detail/dds_fastrtps\n'}
[4.542902] (tutorial_interfaces) StdoutLine: {'line': b'-- Up-to-date: /home/ras/DUM-E_ROSCode/ros2_ws/install/tutorial_interfaces/include/tutorial_interfaces/tutorial_interfaces/msg\n'}
[4.543505] (tutorial_interfaces) StdoutLine: {'line': b'-- Up-to-date: /home/ras/DUM-E_ROSCode/ros2_ws/install/tutorial_interfaces/include/tutorial_interfaces/tutorial_interfaces/msg/detail\n'}
[4.544053] (tutorial_interfaces) StdoutLine: {'line': b'-- Up-to-date: /home/ras/DUM-E_ROSCode/ros2_ws/install/tutorial_interfaces/include/tutorial_interfaces/tutorial_interfaces/msg/detail/num__rosidl_typesupport_fastrtps_cpp.hpp\n'}
[4.553697] (tutorial_interfaces) StdoutLine: {'line': b'-- Up-to-date: /home/ras/DUM-E_ROSCode/ros2_ws/install/tutorial_interfaces/include/tutorial_interfaces/tutorial_interfaces/msg/detail/dds_fastrtps\n'}
[4.554304] (tutorial_interfaces) StdoutLine: {'line': b'-- Up-to-date: /home/ras/DUM-E_ROSCode/ros2_ws/install/tutorial_interfaces/include/tutorial_interfaces/tutorial_interfaces/msg/detail/sphere__rosidl_typesupport_fastrtps_cpp.hpp\n'}
[4.554827] (tutorial_interfaces) StdoutLine: {'line': b'-- Up-to-date: /home/ras/DUM-E_ROSCode/ros2_ws/install/tutorial_interfaces/include/tutorial_interfaces/tutorial_interfaces/msg/rosidl_typesupport_fastrtps_cpp__visibility_control.h\n'}
[4.555250] (tutorial_interfaces) StdoutLine: {'line': b'-- Up-to-date: /home/ras/DUM-E_ROSCode/ros2_ws/install/tutorial_interfaces/lib/libtutorial_interfaces__rosidl_typesupport_fastrtps_cpp.so\n'}
[4.555813] (arduino_interfaces) StdoutLine: {'line': b'-- Up-to-date: /home/ras/DUM-E_ROSCode/ros2_ws/install/arduino_interfaces/share/arduino_interfaces/cmake/arduino_interfaces__rosidl_typesupport_introspection_cppExport.cmake\n'}
[4.566918] (tutorial_interfaces) StdoutLine: {'line': b'-- Up-to-date: /home/ras/DUM-E_ROSCode/ros2_ws/install/tutorial_interfaces/include/tutorial_interfaces/tutorial_interfaces\n'}
[4.567615] (tutorial_interfaces) StdoutLine: {'line': b'-- Up-to-date: /home/ras/DUM-E_ROSCode/ros2_ws/install/tutorial_interfaces/include/tutorial_interfaces/tutorial_interfaces/srv\n'}
[4.568457] (tutorial_interfaces) StdoutLine: {'line': b'-- Up-to-date: /home/ras/DUM-E_ROSCode/ros2_ws/install/tutorial_interfaces/include/tutorial_interfaces/tutorial_interfaces/srv/detail\n'}
[4.572202] (tutorial_interfaces) StdoutLine: {'line': b'-- Up-to-date: /home/ras/DUM-E_ROSCode/ros2_ws/install/tutorial_interfaces/include/tutorial_interfaces/tutorial_interfaces/srv/detail/add_three_ints__rosidl_typesupport_introspection_c.h\n'}
[4.573062] (tutorial_interfaces) StdoutLine: {'line': b'-- Installing: /home/ras/DUM-E_ROSCode/ros2_ws/install/tutorial_interfaces/include/tutorial_interfaces/tutorial_interfaces/srv/detail/add_three_ints__type_support.c\n'}
[4.574023] (arduino_interfaces) StdoutLine: {'line': b'-- Up-to-date: /home/ras/DUM-E_ROSCode/ros2_ws/install/arduino_interfaces/share/arduino_interfaces/cmake/arduino_interfaces__rosidl_typesupport_introspection_cppExport-noconfig.cmake\n'}
[4.574772] (tutorial_interfaces) StdoutLine: {'line': b'-- Up-to-date: /home/ras/DUM-E_ROSCode/ros2_ws/install/tutorial_interfaces/include/tutorial_interfaces/tutorial_interfaces/msg\n'}
[4.582754] (tutorial_interfaces) StdoutLine: {'line': b'-- Up-to-date: /home/ras/DUM-E_ROSCode/ros2_ws/install/tutorial_interfaces/include/tutorial_interfaces/tutorial_interfaces/msg/detail\n'}
[4.585194] (tutorial_interfaces) StdoutLine: {'line': b'-- Up-to-date: /home/ras/DUM-E_ROSCode/ros2_ws/install/tutorial_interfaces/include/tutorial_interfaces/tutorial_interfaces/msg/detail/sphere__rosidl_typesupport_introspection_c.h\n'}
[4.586899] (tutorial_interfaces) StdoutLine: {'line': b'-- Up-to-date: /home/ras/DUM-E_ROSCode/ros2_ws/install/tutorial_interfaces/include/tutorial_interfaces/tutorial_interfaces/msg/detail/num__rosidl_typesupport_introspection_c.h\n'}
[4.587525] (tutorial_interfaces) StdoutLine: {'line': b'-- Installing: /home/ras/DUM-E_ROSCode/ros2_ws/install/tutorial_interfaces/include/tutorial_interfaces/tutorial_interfaces/msg/detail/sphere__type_support.c\n'}
[4.588157] (tutorial_interfaces) StdoutLine: {'line': b'-- Installing: /home/ras/DUM-E_ROSCode/ros2_ws/install/tutorial_interfaces/include/tutorial_interfaces/tutorial_interfaces/msg/detail/num__type_support.c\n'}
[4.588710] (arduino_interfaces) StdoutLine: {'line': b'-- Up-to-date: /home/ras/DUM-E_ROSCode/ros2_ws/install/arduino_interfaces/share/arduino_interfaces/cmake/arduino_interfaces__rosidl_typesupport_cppExport.cmake\n'}
[4.589154] (arduino_interfaces) StdoutLine: {'line': b'-- Up-to-date: /home/ras/DUM-E_ROSCode/ros2_ws/install/arduino_interfaces/share/arduino_interfaces/cmake/arduino_interfaces__rosidl_typesupport_cppExport-noconfig.cmake\n'}
[4.592180] (tutorial_interfaces) StdoutLine: {'line': b'-- Up-to-date: /home/ras/DUM-E_ROSCode/ros2_ws/install/tutorial_interfaces/include/tutorial_interfaces/tutorial_interfaces/msg/rosidl_typesupport_introspection_c__visibility_control.h\n'}
[4.592852] (tutorial_interfaces) StdoutLine: {'line': b'-- Up-to-date: /home/ras/DUM-E_ROSCode/ros2_ws/install/tutorial_interfaces/lib/libtutorial_interfaces__rosidl_typesupport_introspection_c.so\n'}
[4.593721] (arduino_interfaces) StdoutLine: {'line': b'-- Up-to-date: /home/ras/DUM-E_ROSCode/ros2_ws/install/arduino_interfaces/share/arduino_interfaces/cmake/export_arduino_interfaces__rosidl_generator_pyExport.cmake\n'}
[4.601583] (tutorial_interfaces) StdoutLine: {'line': b'-- Up-to-date: /home/ras/DUM-E_ROSCode/ros2_ws/install/tutorial_interfaces/lib/libtutorial_interfaces__rosidl_typesupport_c.so\n'}
[4.606106] (arduino_interfaces) StdoutLine: {'line': b'-- Up-to-date: /home/ras/DUM-E_ROSCode/ros2_ws/install/arduino_interfaces/share/arduino_interfaces/cmake/export_arduino_interfaces__rosidl_generator_pyExport-noconfig.cmake\n'}
[4.607490] (tutorial_interfaces) StdoutLine: {'line': b'-- Up-to-date: /home/ras/DUM-E_ROSCode/ros2_ws/install/tutorial_interfaces/include/tutorial_interfaces/tutorial_interfaces\n'}
[4.615678] (-) TimerEvent: {}
[4.619024] (tutorial_interfaces) StdoutLine: {'line': b'-- Up-to-date: /home/ras/DUM-E_ROSCode/ros2_ws/install/tutorial_interfaces/include/tutorial_interfaces/tutorial_interfaces/srv\n'}
[4.621265] (arduino_interfaces) StdoutLine: {'line': b'-- Up-to-date: /home/ras/DUM-E_ROSCode/ros2_ws/install/arduino_interfaces/share/arduino_interfaces/cmake/rosidl_cmake-extras.cmake\n'}
[4.621829] (tutorial_interfaces) StdoutLine: {'line': b'-- Up-to-date: /home/ras/DUM-E_ROSCode/ros2_ws/install/tutorial_interfaces/include/tutorial_interfaces/tutorial_interfaces/srv/detail\n'}
[4.622483] (tutorial_interfaces) StdoutLine: {'line': b'-- Up-to-date: /home/ras/DUM-E_ROSCode/ros2_ws/install/tutorial_interfaces/include/tutorial_interfaces/tutorial_interfaces/srv/detail/add_three_ints__type_support.cpp\n'}
[4.623074] (arduino_interfaces) StdoutLine: {'line': b'-- Up-to-date: /home/ras/DUM-E_ROSCode/ros2_ws/install/arduino_interfaces/share/arduino_interfaces/cmake/ament_cmake_export_dependencies-extras.cmake\n'}
[4.626970] (arduino_interfaces) StdoutLine: {'line': b'-- Up-to-date: /home/ras/DUM-E_ROSCode/ros2_ws/install/arduino_interfaces/share/arduino_interfaces/cmake/ament_cmake_export_include_directories-extras.cmake\n'}
[4.627580] (arduino_interfaces) StdoutLine: {'line': b'-- Up-to-date: /home/ras/DUM-E_ROSCode/ros2_ws/install/arduino_interfaces/share/arduino_interfaces/cmake/ament_cmake_export_libraries-extras.cmake\n'}
[4.628171] (arduino_interfaces) StdoutLine: {'line': b'-- Up-to-date: /home/ras/DUM-E_ROSCode/ros2_ws/install/arduino_interfaces/share/arduino_interfaces/cmake/ament_cmake_export_targets-extras.cmake\n'}
[4.628776] (tutorial_interfaces) StdoutLine: {'line': b'-- Up-to-date: /home/ras/DUM-E_ROSCode/ros2_ws/install/tutorial_interfaces/include/tutorial_interfaces/tutorial_interfaces/srv/detail/add_three_ints__rosidl_typesupport_introspection_cpp.hpp\n'}
[4.632179] (tutorial_interfaces) StdoutLine: {'line': b'-- Up-to-date: /home/ras/DUM-E_ROSCode/ros2_ws/install/tutorial_interfaces/include/tutorial_interfaces/tutorial_interfaces/msg\n'}
[4.632974] (tutorial_interfaces) StdoutLine: {'line': b'-- Up-to-date: /home/ras/DUM-E_ROSCode/ros2_ws/install/tutorial_interfaces/include/tutorial_interfaces/tutorial_interfaces/msg/detail\n'}
[4.633560] (tutorial_interfaces) StdoutLine: {'line': b'-- Up-to-date: /home/ras/DUM-E_ROSCode/ros2_ws/install/tutorial_interfaces/include/tutorial_interfaces/tutorial_interfaces/msg/detail/num__rosidl_typesupport_introspection_cpp.hpp\n'}
[4.634149] (tutorial_interfaces) StdoutLine: {'line': b'-- Up-to-date: /home/ras/DUM-E_ROSCode/ros2_ws/install/tutorial_interfaces/include/tutorial_interfaces/tutorial_interfaces/msg/detail/num__type_support.cpp\n'}
[4.634704] (tutorial_interfaces) StdoutLine: {'line': b'-- Up-to-date: /home/ras/DUM-E_ROSCode/ros2_ws/install/tutorial_interfaces/include/tutorial_interfaces/tutorial_interfaces/msg/detail/sphere__rosidl_typesupport_introspection_cpp.hpp\n'}
[4.643009] (tutorial_interfaces) StdoutLine: {'line': b'-- Up-to-date: /home/ras/DUM-E_ROSCode/ros2_ws/install/tutorial_interfaces/include/tutorial_interfaces/tutorial_interfaces/msg/detail/sphere__type_support.cpp\n'}
[4.643742] (tutorial_interfaces) StdoutLine: {'line': b'-- Up-to-date: /home/ras/DUM-E_ROSCode/ros2_ws/install/tutorial_interfaces/lib/libtutorial_interfaces__rosidl_typesupport_introspection_cpp.so\n'}
[4.644303] (tutorial_interfaces) StdoutLine: {'line': b'-- Up-to-date: /home/ras/DUM-E_ROSCode/ros2_ws/install/tutorial_interfaces/lib/libtutorial_interfaces__rosidl_typesupport_cpp.so\n'}
[4.644869] (tutorial_interfaces) StdoutLine: {'line': b'-- Up-to-date: /home/ras/DUM-E_ROSCode/ros2_ws/install/tutorial_interfaces/share/tutorial_interfaces/environment/pythonpath.sh\n'}
[4.649979] (tutorial_interfaces) StdoutLine: {'line': b'-- Up-to-date: /home/ras/DUM-E_ROSCode/ros2_ws/install/tutorial_interfaces/share/tutorial_interfaces/environment/pythonpath.dsv\n'}
[4.651290] (tutorial_interfaces) StdoutLine: {'line': b'-- Up-to-date: /home/ras/DUM-E_ROSCode/ros2_ws/install/tutorial_interfaces/lib/python3.12/site-packages/tutorial_interfaces-0.0.0-py3.12.egg-info\n'}
[4.652000] (tutorial_interfaces) StdoutLine: {'line': b'-- Installing: /home/ras/DUM-E_ROSCode/ros2_ws/install/tutorial_interfaces/lib/python3.12/site-packages/tutorial_interfaces-0.0.0-py3.12.egg-info/dependency_links.txt\n'}
[4.652781] (tutorial_interfaces) StdoutLine: {'line': b'-- Installing: /home/ras/DUM-E_ROSCode/ros2_ws/install/tutorial_interfaces/lib/python3.12/site-packages/tutorial_interfaces-0.0.0-py3.12.egg-info/PKG-INFO\n'}
[4.653451] (tutorial_interfaces) StdoutLine: {'line': b'-- Installing: /home/ras/DUM-E_ROSCode/ros2_ws/install/tutorial_interfaces/lib/python3.12/site-packages/tutorial_interfaces-0.0.0-py3.12.egg-info/top_level.txt\n'}
[4.657597] (tutorial_interfaces) StdoutLine: {'line': b'-- Installing: /home/ras/DUM-E_ROSCode/ros2_ws/install/tutorial_interfaces/lib/python3.12/site-packages/tutorial_interfaces-0.0.0-py3.12.egg-info/SOURCES.txt\n'}
[4.658158] (tutorial_interfaces) StdoutLine: {'line': b'-- Up-to-date: /home/ras/DUM-E_ROSCode/ros2_ws/install/tutorial_interfaces/lib/python3.12/site-packages/tutorial_interfaces\n'}
[4.658844] (tutorial_interfaces) StdoutLine: {'line': b'-- Up-to-date: /home/ras/DUM-E_ROSCode/ros2_ws/install/tutorial_interfaces/lib/python3.12/site-packages/tutorial_interfaces/_tutorial_interfaces_s.ep.rosidl_typesupport_fastrtps_c.c\n'}
[4.663765] (tutorial_interfaces) StdoutLine: {'line': b'-- Up-to-date: /home/ras/DUM-E_ROSCode/ros2_ws/install/tutorial_interfaces/lib/python3.12/site-packages/tutorial_interfaces/tutorial_interfaces_s__rosidl_typesupport_fastrtps_c.so\n'}
[4.664504] (tutorial_interfaces) StdoutLine: {'line': b'-- Up-to-date: /home/ras/DUM-E_ROSCode/ros2_ws/install/tutorial_interfaces/lib/python3.12/site-packages/tutorial_interfaces/tutorial_interfaces_s__rosidl_typesupport_introspection_c.so\n'}
[4.664951] (tutorial_interfaces) StdoutLine: {'line': b'-- Up-to-date: /home/ras/DUM-E_ROSCode/ros2_ws/install/tutorial_interfaces/lib/python3.12/site-packages/tutorial_interfaces/srv\n'}
[4.665783] (arduino_interfaces) StdoutLine: {'line': b'-- Up-to-date: /home/ras/DUM-E_ROSCode/ros2_ws/install/arduino_interfaces/share/arduino_interfaces/cmake/rosidl_cmake_export_typesupport_targets-extras.cmake\n'}
[4.667616] (arduino_interfaces) StdoutLine: {'line': b'-- Up-to-date: /home/ras/DUM-E_ROSCode/ros2_ws/install/arduino_interfaces/share/arduino_interfaces/cmake/rosidl_cmake_export_typesupport_libraries-extras.cmake\n'}
[4.680035] (arduino_interfaces) StdoutLine: {'line': b'-- Up-to-date: /home/ras/DUM-E_ROSCode/ros2_ws/install/arduino_interfaces/share/arduino_interfaces/cmake/arduino_interfacesConfig.cmake\n'}
[4.682933] (arduino_interfaces) StdoutLine: {'line': b'-- Up-to-date: /home/ras/DUM-E_ROSCode/ros2_ws/install/arduino_interfaces/share/arduino_interfaces/cmake/arduino_interfacesConfig-version.cmake\n'}
[4.688689] (tutorial_interfaces) StdoutLine: {'line': b'-- Up-to-date: /home/ras/DUM-E_ROSCode/ros2_ws/install/tutorial_interfaces/lib/python3.12/site-packages/tutorial_interfaces/srv/_add_three_ints.py\n'}
[4.693614] (tutorial_interfaces) StdoutLine: {'line': b'-- Up-to-date: /home/ras/DUM-E_ROSCode/ros2_ws/install/tutorial_interfaces/lib/python3.12/site-packages/tutorial_interfaces/srv/_add_three_ints_s.c\n'}
[4.698620] (tutorial_interfaces) StdoutLine: {'line': b'-- Up-to-date: /home/ras/DUM-E_ROSCode/ros2_ws/install/tutorial_interfaces/lib/python3.12/site-packages/tutorial_interfaces/srv/__init__.py\n'}
[4.700447] (tutorial_interfaces) StdoutLine: {'line': b'-- Up-to-date: /home/ras/DUM-E_ROSCode/ros2_ws/install/tutorial_interfaces/lib/python3.12/site-packages/tutorial_interfaces/tutorial_interfaces_s__rosidl_typesupport_c.so\n'}
[4.701493] (arduino_interfaces) StdoutLine: {'line': b'-- Up-to-date: /home/ras/DUM-E_ROSCode/ros2_ws/install/arduino_interfaces/share/arduino_interfaces/package.xml\n'}
[4.702056] (tutorial_interfaces) StdoutLine: {'line': b'-- Up-to-date: /home/ras/DUM-E_ROSCode/ros2_ws/install/tutorial_interfaces/lib/python3.12/site-packages/tutorial_interfaces/_tutorial_interfaces_s.ep.rosidl_typesupport_introspection_c.c\n'}
[4.705959] (tutorial_interfaces) StdoutLine: {'line': b'-- Up-to-date: /home/ras/DUM-E_ROSCode/ros2_ws/install/tutorial_interfaces/lib/python3.12/site-packages/tutorial_interfaces/__init__.py\n'}
[4.706804] (tutorial_interfaces) StdoutLine: {'line': b'-- Up-to-date: /home/ras/DUM-E_ROSCode/ros2_ws/install/tutorial_interfaces/lib/python3.12/site-packages/tutorial_interfaces/msg\n'}
[4.709899] (tutorial_interfaces) StdoutLine: {'line': b'-- Up-to-date: /home/ras/DUM-E_ROSCode/ros2_ws/install/tutorial_interfaces/lib/python3.12/site-packages/tutorial_interfaces/msg/_sphere_s.c\n'}
[4.713136] (tutorial_interfaces) StdoutLine: {'line': b'-- Up-to-date: /home/ras/DUM-E_ROSCode/ros2_ws/install/tutorial_interfaces/lib/python3.12/site-packages/tutorial_interfaces/msg/_num_s.c\n'}
[4.715008] (tutorial_interfaces) StdoutLine: {'line': b'-- Up-to-date: /home/ras/DUM-E_ROSCode/ros2_ws/install/tutorial_interfaces/lib/python3.12/site-packages/tutorial_interfaces/msg/_sphere.py\n'}
[4.715641] (tutorial_interfaces) StdoutLine: {'line': b'-- Up-to-date: /home/ras/DUM-E_ROSCode/ros2_ws/install/tutorial_interfaces/lib/python3.12/site-packages/tutorial_interfaces/msg/__init__.py\n'}
[4.726094] (-) TimerEvent: {}
[4.730045] (tutorial_interfaces) StdoutLine: {'line': b'-- Up-to-date: /home/ras/DUM-E_ROSCode/ros2_ws/install/tutorial_interfaces/lib/python3.12/site-packages/tutorial_interfaces/msg/_num.py\n'}
[4.735941] (tutorial_interfaces) StdoutLine: {'line': b'-- Up-to-date: /home/ras/DUM-E_ROSCode/ros2_ws/install/tutorial_interfaces/lib/python3.12/site-packages/tutorial_interfaces/_tutorial_interfaces_s.ep.rosidl_typesupport_c.c\n'}
[4.738049] (arduino_interfaces) CommandEnded: {'returncode': 0}
[4.743113] (tutorial_interfaces) StdoutLine: {'line': b"Listing '/home/ras/DUM-E_ROSCode/ros2_ws/install/tutorial_interfaces/lib/python3.12/site-packages/tutorial_interfaces'...\n"}
[4.746628] (tutorial_interfaces) StdoutLine: {'line': b"Listing '/home/ras/DUM-E_ROSCode/ros2_ws/install/tutorial_interfaces/lib/python3.12/site-packages/tutorial_interfaces/msg'...\n"}
[4.747256] (tutorial_interfaces) StdoutLine: {'line': b"Listing '/home/ras/DUM-E_ROSCode/ros2_ws/install/tutorial_interfaces/lib/python3.12/site-packages/tutorial_interfaces/srv'...\n"}
[4.747875] (tutorial_interfaces) StdoutLine: {'line': b'-- Up-to-date: /home/ras/DUM-E_ROSCode/ros2_ws/install/tutorial_interfaces/lib/python3.12/site-packages/tutorial_interfaces/tutorial_interfaces_s__rosidl_typesupport_fastrtps_c.so\n'}
[4.752137] (tutorial_interfaces) StdoutLine: {'line': b'-- Up-to-date: /home/ras/DUM-E_ROSCode/ros2_ws/install/tutorial_interfaces/lib/python3.12/site-packages/tutorial_interfaces/tutorial_interfaces_s__rosidl_typesupport_introspection_c.so\n'}
[4.754632] (tutorial_interfaces) StdoutLine: {'line': b'-- Up-to-date: /home/ras/DUM-E_ROSCode/ros2_ws/install/tutorial_interfaces/lib/python3.12/site-packages/tutorial_interfaces/tutorial_interfaces_s__rosidl_typesupport_c.so\n'}
[4.756542] (tutorial_interfaces) StdoutLine: {'line': b'-- Up-to-date: /home/ras/DUM-E_ROSCode/ros2_ws/install/tutorial_interfaces/lib/libtutorial_interfaces__rosidl_generator_py.so\n'}
[4.758988] (tutorial_interfaces) StdoutLine: {'line': b'-- Up-to-date: /home/ras/DUM-E_ROSCode/ros2_ws/install/tutorial_interfaces/share/tutorial_interfaces/msg/Num.idl\n'}
[4.761122] (tutorial_interfaces) StdoutLine: {'line': b'-- Up-to-date: /home/ras/DUM-E_ROSCode/ros2_ws/install/tutorial_interfaces/share/tutorial_interfaces/msg/Sphere.idl\n'}
[4.761773] (tutorial_interfaces) StdoutLine: {'line': b'-- Up-to-date: /home/ras/DUM-E_ROSCode/ros2_ws/install/tutorial_interfaces/share/tutorial_interfaces/srv/AddThreeInts.idl\n'}
[4.762434] (tutorial_interfaces) StdoutLine: {'line': b'-- Up-to-date: /home/ras/DUM-E_ROSCode/ros2_ws/install/tutorial_interfaces/share/tutorial_interfaces/msg/Num.msg\n'}
[4.762974] (tutorial_interfaces) StdoutLine: {'line': b'-- Up-to-date: /home/ras/DUM-E_ROSCode/ros2_ws/install/tutorial_interfaces/share/tutorial_interfaces/msg/Sphere.msg\n'}
[4.763469] (tutorial_interfaces) StdoutLine: {'line': b'-- Up-to-date: /home/ras/DUM-E_ROSCode/ros2_ws/install/tutorial_interfaces/share/tutorial_interfaces/srv/AddThreeInts.srv\n'}
[4.764176] (tutorial_interfaces) StdoutLine: {'line': b'-- Up-to-date: /home/ras/DUM-E_ROSCode/ros2_ws/install/tutorial_interfaces/share/ament_index/resource_index/package_run_dependencies/tutorial_interfaces\n'}
[4.765057] (tutorial_interfaces) StdoutLine: {'line': b'-- Up-to-date: /home/ras/DUM-E_ROSCode/ros2_ws/install/tutorial_interfaces/share/ament_index/resource_index/parent_prefix_path/tutorial_interfaces\n'}
[4.765598] (tutorial_interfaces) StdoutLine: {'line': b'-- Up-to-date: /home/ras/DUM-E_ROSCode/ros2_ws/install/tutorial_interfaces/share/tutorial_interfaces/environment/ament_prefix_path.sh\n'}
[4.765998] (tutorial_interfaces) StdoutLine: {'line': b'-- Up-to-date: /home/ras/DUM-E_ROSCode/ros2_ws/install/tutorial_interfaces/share/tutorial_interfaces/environment/ament_prefix_path.dsv\n'}
[4.766430] (tutorial_interfaces) StdoutLine: {'line': b'-- Up-to-date: /home/ras/DUM-E_ROSCode/ros2_ws/install/tutorial_interfaces/share/tutorial_interfaces/environment/path.sh\n'}
[4.766819] (tutorial_interfaces) StdoutLine: {'line': b'-- Up-to-date: /home/ras/DUM-E_ROSCode/ros2_ws/install/tutorial_interfaces/share/tutorial_interfaces/environment/path.dsv\n'}
[4.767257] (tutorial_interfaces) StdoutLine: {'line': b'-- Up-to-date: /home/ras/DUM-E_ROSCode/ros2_ws/install/tutorial_interfaces/share/tutorial_interfaces/local_setup.bash\n'}
[4.767926] (tutorial_interfaces) StdoutLine: {'line': b'-- Up-to-date: /home/ras/DUM-E_ROSCode/ros2_ws/install/tutorial_interfaces/share/tutorial_interfaces/local_setup.sh\n'}
[4.768652] (tutorial_interfaces) StdoutLine: {'line': b'-- Up-to-date: /home/ras/DUM-E_ROSCode/ros2_ws/install/tutorial_interfaces/share/tutorial_interfaces/local_setup.zsh\n'}
[4.769172] (tutorial_interfaces) StdoutLine: {'line': b'-- Up-to-date: /home/ras/DUM-E_ROSCode/ros2_ws/install/tutorial_interfaces/share/tutorial_interfaces/local_setup.dsv\n'}
[4.769932] (tutorial_interfaces) StdoutLine: {'line': b'-- Installing: /home/ras/DUM-E_ROSCode/ros2_ws/install/tutorial_interfaces/share/tutorial_interfaces/package.dsv\n'}
[4.770563] (tutorial_interfaces) StdoutLine: {'line': b'-- Up-to-date: /home/ras/DUM-E_ROSCode/ros2_ws/install/tutorial_interfaces/share/ament_index/resource_index/packages/tutorial_interfaces\n'}
[4.770987] (tutorial_interfaces) StdoutLine: {'line': b'-- Up-to-date: /home/ras/DUM-E_ROSCode/ros2_ws/install/tutorial_interfaces/share/tutorial_interfaces/cmake/export_tutorial_interfaces__rosidl_generator_cExport.cmake\n'}
[4.771462] (tutorial_interfaces) StdoutLine: {'line': b'-- Up-to-date: /home/ras/DUM-E_ROSCode/ros2_ws/install/tutorial_interfaces/share/tutorial_interfaces/cmake/export_tutorial_interfaces__rosidl_generator_cExport-noconfig.cmake\n'}
[4.772146] (tutorial_interfaces) StdoutLine: {'line': b'-- Up-to-date: /home/ras/DUM-E_ROSCode/ros2_ws/install/tutorial_interfaces/share/tutorial_interfaces/cmake/export_tutorial_interfaces__rosidl_typesupport_fastrtps_cExport.cmake\n'}
[4.772675] (tutorial_interfaces) StdoutLine: {'line': b'-- Up-to-date: /home/ras/DUM-E_ROSCode/ros2_ws/install/tutorial_interfaces/share/tutorial_interfaces/cmake/export_tutorial_interfaces__rosidl_typesupport_fastrtps_cExport-noconfig.cmake\n'}
[4.773127] (tutorial_interfaces) StdoutLine: {'line': b'-- Up-to-date: /home/ras/DUM-E_ROSCode/ros2_ws/install/tutorial_interfaces/share/tutorial_interfaces/cmake/export_tutorial_interfaces__rosidl_generator_cppExport.cmake\n'}
[4.773604] (tutorial_interfaces) StdoutLine: {'line': b'-- Up-to-date: /home/ras/DUM-E_ROSCode/ros2_ws/install/tutorial_interfaces/share/tutorial_interfaces/cmake/export_tutorial_interfaces__rosidl_typesupport_fastrtps_cppExport.cmake\n'}
[4.773952] (tutorial_interfaces) StdoutLine: {'line': b'-- Up-to-date: /home/ras/DUM-E_ROSCode/ros2_ws/install/tutorial_interfaces/share/tutorial_interfaces/cmake/export_tutorial_interfaces__rosidl_typesupport_fastrtps_cppExport-noconfig.cmake\n'}
[4.774359] (tutorial_interfaces) StdoutLine: {'line': b'-- Up-to-date: /home/ras/DUM-E_ROSCode/ros2_ws/install/tutorial_interfaces/share/tutorial_interfaces/cmake/tutorial_interfaces__rosidl_typesupport_introspection_cExport.cmake\n'}
[4.775040] (tutorial_interfaces) StdoutLine: {'line': b'-- Up-to-date: /home/ras/DUM-E_ROSCode/ros2_ws/install/tutorial_interfaces/share/tutorial_interfaces/cmake/tutorial_interfaces__rosidl_typesupport_introspection_cExport-noconfig.cmake\n'}
[4.775569] (tutorial_interfaces) StdoutLine: {'line': b'-- Up-to-date: /home/ras/DUM-E_ROSCode/ros2_ws/install/tutorial_interfaces/share/tutorial_interfaces/cmake/tutorial_interfaces__rosidl_typesupport_cExport.cmake\n'}
[4.776269] (tutorial_interfaces) StdoutLine: {'line': b'-- Up-to-date: /home/ras/DUM-E_ROSCode/ros2_ws/install/tutorial_interfaces/share/tutorial_interfaces/cmake/tutorial_interfaces__rosidl_typesupport_cExport-noconfig.cmake\n'}
[4.776958] (tutorial_interfaces) StdoutLine: {'line': b'-- Up-to-date: /home/ras/DUM-E_ROSCode/ros2_ws/install/tutorial_interfaces/share/tutorial_interfaces/cmake/tutorial_interfaces__rosidl_typesupport_introspection_cppExport.cmake\n'}
[4.777538] (tutorial_interfaces) StdoutLine: {'line': b'-- Up-to-date: /home/ras/DUM-E_ROSCode/ros2_ws/install/tutorial_interfaces/share/tutorial_interfaces/cmake/tutorial_interfaces__rosidl_typesupport_introspection_cppExport-noconfig.cmake\n'}
[4.777964] (tutorial_interfaces) StdoutLine: {'line': b'-- Up-to-date: /home/ras/DUM-E_ROSCode/ros2_ws/install/tutorial_interfaces/share/tutorial_interfaces/cmake/tutorial_interfaces__rosidl_typesupport_cppExport.cmake\n'}
[4.778526] (tutorial_interfaces) StdoutLine: {'line': b'-- Up-to-date: /home/ras/DUM-E_ROSCode/ros2_ws/install/tutorial_interfaces/share/tutorial_interfaces/cmake/tutorial_interfaces__rosidl_typesupport_cppExport-noconfig.cmake\n'}
[4.779130] (tutorial_interfaces) StdoutLine: {'line': b'-- Up-to-date: /home/ras/DUM-E_ROSCode/ros2_ws/install/tutorial_interfaces/share/tutorial_interfaces/cmake/export_tutorial_interfaces__rosidl_generator_pyExport.cmake\n'}
[4.779792] (tutorial_interfaces) StdoutLine: {'line': b'-- Up-to-date: /home/ras/DUM-E_ROSCode/ros2_ws/install/tutorial_interfaces/share/tutorial_interfaces/cmake/export_tutorial_interfaces__rosidl_generator_pyExport-noconfig.cmake\n'}
[4.780317] (tutorial_interfaces) StdoutLine: {'line': b'-- Up-to-date: /home/ras/DUM-E_ROSCode/ros2_ws/install/tutorial_interfaces/share/tutorial_interfaces/cmake/rosidl_cmake-extras.cmake\n'}
[4.780776] (tutorial_interfaces) StdoutLine: {'line': b'-- Up-to-date: /home/ras/DUM-E_ROSCode/ros2_ws/install/tutorial_interfaces/share/tutorial_interfaces/cmake/ament_cmake_export_dependencies-extras.cmake\n'}
[4.781162] (tutorial_interfaces) StdoutLine: {'line': b'-- Up-to-date: /home/ras/DUM-E_ROSCode/ros2_ws/install/tutorial_interfaces/share/tutorial_interfaces/cmake/ament_cmake_export_include_directories-extras.cmake\n'}
[4.781633] (tutorial_interfaces) StdoutLine: {'line': b'-- Up-to-date: /home/ras/DUM-E_ROSCode/ros2_ws/install/tutorial_interfaces/share/tutorial_interfaces/cmake/ament_cmake_export_libraries-extras.cmake\n'}
[4.782031] (tutorial_interfaces) StdoutLine: {'line': b'-- Up-to-date: /home/ras/DUM-E_ROSCode/ros2_ws/install/tutorial_interfaces/share/tutorial_interfaces/cmake/ament_cmake_export_targets-extras.cmake\n'}
[4.782617] (tutorial_interfaces) StdoutLine: {'line': b'-- Up-to-date: /home/ras/DUM-E_ROSCode/ros2_ws/install/tutorial_interfaces/share/tutorial_interfaces/cmake/rosidl_cmake_export_typesupport_targets-extras.cmake\n'}
[4.783272] (tutorial_interfaces) StdoutLine: {'line': b'-- Up-to-date: /home/ras/DUM-E_ROSCode/ros2_ws/install/tutorial_interfaces/share/tutorial_interfaces/cmake/rosidl_cmake_export_typesupport_libraries-extras.cmake\n'}
[4.783868] (tutorial_interfaces) StdoutLine: {'line': b'-- Up-to-date: /home/ras/DUM-E_ROSCode/ros2_ws/install/tutorial_interfaces/share/tutorial_interfaces/cmake/tutorial_interfacesConfig.cmake\n'}
[4.788566] (tutorial_interfaces) StdoutLine: {'line': b'-- Up-to-date: /home/ras/DUM-E_ROSCode/ros2_ws/install/tutorial_interfaces/share/tutorial_interfaces/cmake/tutorial_interfacesConfig-version.cmake\n'}
[4.789447] (tutorial_interfaces) StdoutLine: {'line': b'-- Up-to-date: /home/ras/DUM-E_ROSCode/ros2_ws/install/tutorial_interfaces/share/tutorial_interfaces/package.xml\n'}
[4.826292] (-) TimerEvent: {}
[4.829173] (arduino_interfaces) JobEnded: {'identifier': 'arduino_interfaces', 'rc': 0}
[4.834120] (tutorial_interfaces) CommandEnded: {'returncode': 0}
[4.927482] (-) TimerEvent: {}
[4.937184] (tutorial_interfaces) JobEnded: {'identifier': 'tutorial_interfaces', 'rc': 0}
[4.941579] (py_srvcli) JobStarted: {'identifier': 'py_srvcli'}
[5.027665] (-) TimerEvent: {}
[5.128361] (-) TimerEvent: {}
[5.232365] (-) TimerEvent: {}
[5.333071] (-) TimerEvent: {}
[5.433841] (-) TimerEvent: {}
[5.534586] (-) TimerEvent: {}
[5.635828] (-) TimerEvent: {}
[5.736963] (-) TimerEvent: {}
[5.838259] (-) TimerEvent: {}
[5.939330] (-) TimerEvent: {}
[6.040148] (-) TimerEvent: {}
[6.141980] (-) TimerEvent: {}
[6.243368] (-) TimerEvent: {}
[6.344162] (-) TimerEvent: {}
[6.445459] (-) TimerEvent: {}
[6.546292] (-) TimerEvent: {}
[6.647508] (-) TimerEvent: {}
[6.741688] (my_package) Command: {'cmd': ['/usr/bin/python3', '-W', 'ignore:setup.py install is deprecated', '-W', 'ignore:easy_install command is deprecated', 'setup.py', 'egg_info', '--egg-base', '../../build/my_package', 'build', '--build-base', '/home/ras/DUM-E_ROSCode/ros2_ws/build/my_package/build', 'install', '--record', '/home/ras/DUM-E_ROSCode/ros2_ws/build/my_package/install.log', '--single-version-externally-managed', 'install_data'], 'cwd': '/home/ras/DUM-E_ROSCode/ros2_ws/src/my_package', 'env': {'LESSOPEN': '| /usr/bin/lesspipe %s', 'USER': 'ras', 'SSH_CLIENT': '145.93.117.102 55360 22', 'LC_TIME': 'nl_NL.UTF-8', 'XDG_SESSION_TYPE': 'tty', 'SHLVL': '1', 'LD_LIBRARY_PATH': '/home/ras/DUM-E_ROSCode/ros2_ws/install/tutorial_interfaces/lib:/home/ras/DUM-E_ROSCode/ros2_ws/install/arduino_interfaces/lib:/opt/ros/jazzy/opt/rviz_ogre_vendor/lib:/opt/ros/jazzy/lib/aarch64-linux-gnu:/opt/ros/jazzy/opt/gz_math_vendor/lib:/opt/ros/jazzy/opt/gz_utils_vendor/lib:/opt/ros/jazzy/opt/gz_cmake_vendor/lib:/opt/ros/jazzy/lib', 'HOME': '/home/ras', 'OLDPWD': '/home/ras/DUM-E_ROSCode', 'SSH_TTY': '/dev/pts/3', 'ROS_PYTHON_VERSION': '3', 'LC_MONETARY': 'nl_NL.UTF-8', 'DBUS_SESSION_BUS_ADDRESS': 'unix:path=/run/user/1002/bus', 'DEBUGINFOD_URLS': 'https://debuginfod.ubuntu.com', 'COLCON_PREFIX_PATH': '/home/ras/DUM-E_ROSCode/ros2_ws/install', 'ROS_DISTRO': 'jazzy', 'LOGNAME': 'ras', '_': '/usr/bin/colcon', 'ROS_VERSION': '2', 'XDG_SESSION_CLASS': 'user', 'TERM': 'xterm-256color', 'XDG_SESSION_ID': '28', 'PATH': '/opt/ros/jazzy/bin:/home/ras/.local/bin:/usr/local/sbin:/usr/local/bin:/usr/sbin:/usr/bin:/sbin:/bin:/usr/games:/usr/local/games:/snap/bin', 'LC_ADDRESS': 'nl_NL.UTF-8', 'XDG_RUNTIME_DIR': '/run/user/1002', 'LANG': 'C.UTF-8', 'LC_TELEPHONE': 'nl_NL.UTF-8', 'LS_COLORS': 'rs=0:di=01;34:ln=01;36:mh=00:pi=40;33:so=01;35:do=01;35:bd=40;33;01:cd=40;33;01:or=40;31;01:mi=00:su=37;41:sg=30;43:ca=00:tw=30;42:ow=34;42:st=37;44:ex=01;32:*.tar=01;31:*.tgz=01;31:*.arc=01;31:*.arj=01;31:*.taz=01;31:*.lha=01;31:*.lz4=01;31:*.lzh=01;31:*.lzma=01;31:*.tlz=01;31:*.txz=01;31:*.tzo=01;31:*.t7z=01;31:*.zip=01;31:*.z=01;31:*.dz=01;31:*.gz=01;31:*.lrz=01;31:*.lz=01;31:*.lzo=01;31:*.xz=01;31:*.zst=01;31:*.tzst=01;31:*.bz2=01;31:*.bz=01;31:*.tbz=01;31:*.tbz2=01;31:*.tz=01;31:*.deb=01;31:*.rpm=01;31:*.jar=01;31:*.war=01;31:*.ear=01;31:*.sar=01;31:*.rar=01;31:*.alz=01;31:*.ace=01;31:*.zoo=01;31:*.cpio=01;31:*.7z=01;31:*.rz=01;31:*.cab=01;31:*.wim=01;31:*.swm=01;31:*.dwm=01;31:*.esd=01;31:*.avif=01;35:*.jpg=01;35:*.jpeg=01;35:*.mjpg=01;35:*.mjpeg=01;35:*.gif=01;35:*.bmp=01;35:*.pbm=01;35:*.pgm=01;35:*.ppm=01;35:*.tga=01;35:*.xbm=01;35:*.xpm=01;35:*.tif=01;35:*.tiff=01;35:*.png=01;35:*.svg=01;35:*.svgz=01;35:*.mng=01;35:*.pcx=01;35:*.mov=01;35:*.mpg=01;35:*.mpeg=01;35:*.m2v=01;35:*.mkv=01;35:*.webm=01;35:*.webp=01;35:*.ogm=01;35:*.mp4=01;35:*.m4v=01;35:*.mp4v=01;35:*.vob=01;35:*.qt=01;35:*.nuv=01;35:*.wmv=01;35:*.asf=01;35:*.rm=01;35:*.rmvb=01;35:*.flc=01;35:*.avi=01;35:*.fli=01;35:*.flv=01;35:*.gl=01;35:*.dl=01;35:*.xcf=01;35:*.xwd=01;35:*.yuv=01;35:*.cgm=01;35:*.emf=01;35:*.ogv=01;35:*.ogx=01;35:*.aac=00;36:*.au=00;36:*.flac=00;36:*.m4a=00;36:*.mid=00;36:*.midi=00;36:*.mka=00;36:*.mp3=00;36:*.mpc=00;36:*.ogg=00;36:*.ra=00;36:*.wav=00;36:*.oga=00;36:*.opus=00;36:*.spx=00;36:*.xspf=00;36:*~=00;90:*#=00;90:*.bak=00;90:*.crdownload=00;90:*.dpkg-dist=00;90:*.dpkg-new=00;90:*.dpkg-old=00;90:*.dpkg-tmp=00;90:*.old=00;90:*.orig=00;90:*.part=00;90:*.rej=00;90:*.rpmnew=00;90:*.rpmorig=00;90:*.rpmsave=00;90:*.swp=00;90:*.tmp=00;90:*.ucf-dist=00;90:*.ucf-new=00;90:*.ucf-old=00;90:', 'AMENT_PREFIX_PATH': '/home/ras/DUM-E_ROSCode/ros2_ws/install/py_srvcli:/home/ras/DUM-E_ROSCode/ros2_ws/install/tutorial_interfaces:/home/ras/DUM-E_ROSCode/ros2_ws/install/my_package:/home/ras/DUM-E_ROSCode/ros2_ws/install/arduino_interfaces:/opt/ros/jazzy', 'SHELL': '/bin/bash', 'LC_NAME': 'nl_NL.UTF-8', 'LESSCLOSE': '/usr/bin/lesspipe %s %s', 'LC_MEASUREMENT': 'nl_NL.UTF-8', 'LC_IDENTIFICATION': 'nl_NL.UTF-8', 'ROS_AUTOMATIC_DISCOVERY_RANGE': 'SUBNET', 'PWD': '/home/ras/DUM-E_ROSCode/ros2_ws/build/my_package', 'LC_ALL': 'en_US.UTF-8', 'SSH_CONNECTION': '145.93.117.102 55360 145.93.236.46 22', 'XDG_DATA_DIRS': '/usr/share/gnome:/usr/local/share:/usr/share:/var/lib/snapd/desktop', 'PYTHONPATH': '/home/ras/DUM-E_ROSCode/ros2_ws/build/my_package/prefix_override:/usr/lib/python3/dist-packages/colcon_core/task/python/colcon_distutils_commands:/home/ras/DUM-E_ROSCode/ros2_ws/install/my_package/lib/python3.12/site-packages:/home/ras/DUM-E_ROSCode/ros2_ws/install/py_srvcli/lib/python3.12/site-packages:/home/ras/DUM-E_ROSCode/ros2_ws/install/tutorial_interfaces/lib/python3.12/site-packages:/home/ras/DUM-E_ROSCode/ros2_ws/install/my_package/lib/python3.12/site-packages:/home/ras/DUM-E_ROSCode/ros2_ws/install/arduino_interfaces/lib/python3.12/site-packages:/opt/ros/jazzy/lib/python3.12/site-packages', 'LC_NUMERIC': 'nl_NL.UTF-8', 'LC_PAPER': 'nl_NL.UTF-8', 'COLCON': '1', 'CMAKE_PREFIX_PATH': '/home/ras/DUM-E_ROSCode/ros2_ws/install/tutorial_interfaces:/home/ras/DUM-E_ROSCode/ros2_ws/install/arduino_interfaces:/opt/ros/jazzy/opt/gz_math_vendor:/opt/ros/jazzy/opt/gz_utils_vendor:/opt/ros/jazzy/opt/gz_cmake_vendor'}, 'shell': False}
[6.747594] (-) TimerEvent: {}
[6.848315] (-) TimerEvent: {}
[6.948966] (-) TimerEvent: {}
[7.049686] (-) TimerEvent: {}
[7.150433] (-) TimerEvent: {}
[7.251107] (-) TimerEvent: {}
[7.351834] (-) TimerEvent: {}
[7.452512] (-) TimerEvent: {}
[7.553682] (-) TimerEvent: {}
[7.654359] (-) TimerEvent: {}
[7.754998] (-) TimerEvent: {}
[7.855702] (-) TimerEvent: {}
[7.956362] (-) TimerEvent: {}
[8.057018] (-) TimerEvent: {}
[8.158609] (-) TimerEvent: {}
[8.186518] (my_package) StdoutLine: {'line': b'running egg_info\n'}
[8.258781] (-) TimerEvent: {}
[8.295178] (my_package) StdoutLine: {'line': b'writing ../../build/my_package/my_package.egg-info/PKG-INFO\n'}
[8.296522] (my_package) StdoutLine: {'line': b'writing dependency_links to ../../build/my_package/my_package.egg-info/dependency_links.txt\n'}
[8.300397] (my_package) StdoutLine: {'line': b'writing entry points to ../../build/my_package/my_package.egg-info/entry_points.txt\n'}
[8.301086] (my_package) StdoutLine: {'line': b'writing requirements to ../../build/my_package/my_package.egg-info/requires.txt\n'}
[8.303391] (my_package) StdoutLine: {'line': b'writing top-level names to ../../build/my_package/my_package.egg-info/top_level.txt\n'}
[8.358961] (-) TimerEvent: {}
[8.460067] (-) TimerEvent: {}
[8.524808] (my_package) StdoutLine: {'line': b"reading manifest file '../../build/my_package/my_package.egg-info/SOURCES.txt'\n"}
[8.526578] (my_package) StdoutLine: {'line': b"adding license file 'LICENSE'\n"}
[8.528891] (my_package) StdoutLine: {'line': b"writing manifest file '../../build/my_package/my_package.egg-info/SOURCES.txt'\n"}
[8.529921] (my_package) StdoutLine: {'line': b'running build\n'}
[8.530566] (my_package) StdoutLine: {'line': b'running build_py\n'}
[8.531813] (my_package) StdoutLine: {'line': b'running install\n'}
[8.557395] (my_package) StdoutLine: {'line': b'running install_lib\n'}
[8.560248] (-) TimerEvent: {}
[8.661342] (-) TimerEvent: {}
[8.667813] (my_package) StdoutLine: {'line': b'running install_data\n'}
[8.669083] (my_package) StdoutLine: {'line': b'running install_egg_info\n'}
[8.761503] (-) TimerEvent: {}
[8.784869] (my_package) StdoutLine: {'line': b"removing '/home/ras/DUM-E_ROSCode/ros2_ws/install/my_package/lib/python3.12/site-packages/my_package-0.0.0-py3.12.egg-info' (and everything under it)\n"}
[8.787075] (my_package) StdoutLine: {'line': b'Copying ../../build/my_package/my_package.egg-info to /home/ras/DUM-E_ROSCode/ros2_ws/install/my_package/lib/python3.12/site-packages/my_package-0.0.0-py3.12.egg-info\n'}
[8.793396] (my_package) StdoutLine: {'line': b'running install_scripts\n'}
[8.861680] (-) TimerEvent: {}
[8.962353] (-) TimerEvent: {}
[9.063574] (-) TimerEvent: {}
[9.164729] (-) TimerEvent: {}
[9.265940] (-) TimerEvent: {}
[9.367110] (-) TimerEvent: {}
[9.429246] (py_srvcli) Command: {'cmd': ['/usr/bin/python3', '-W', 'ignore:setup.py install is deprecated', '-W', 'ignore:easy_install command is deprecated', 'setup.py', 'egg_info', '--egg-base', '../../build/py_srvcli', 'build', '--build-base', '/home/ras/DUM-E_ROSCode/ros2_ws/build/py_srvcli/build', 'install', '--record', '/home/ras/DUM-E_ROSCode/ros2_ws/build/py_srvcli/install.log', '--single-version-externally-managed', 'install_data'], 'cwd': '/home/ras/DUM-E_ROSCode/ros2_ws/src/py_srvcli', 'env': {'LESSOPEN': '| /usr/bin/lesspipe %s', 'USER': 'ras', 'SSH_CLIENT': '145.93.117.102 55360 22', 'LC_TIME': 'nl_NL.UTF-8', 'XDG_SESSION_TYPE': 'tty', 'SHLVL': '1', 'LD_LIBRARY_PATH': '/home/ras/DUM-E_ROSCode/ros2_ws/install/tutorial_interfaces/lib:/home/ras/DUM-E_ROSCode/ros2_ws/install/arduino_interfaces/lib:/opt/ros/jazzy/opt/rviz_ogre_vendor/lib:/opt/ros/jazzy/lib/aarch64-linux-gnu:/opt/ros/jazzy/opt/gz_math_vendor/lib:/opt/ros/jazzy/opt/gz_utils_vendor/lib:/opt/ros/jazzy/opt/gz_cmake_vendor/lib:/opt/ros/jazzy/lib', 'HOME': '/home/ras', 'OLDPWD': '/home/ras/DUM-E_ROSCode', 'SSH_TTY': '/dev/pts/3', 'ROS_PYTHON_VERSION': '3', 'LC_MONETARY': 'nl_NL.UTF-8', 'DBUS_SESSION_BUS_ADDRESS': 'unix:path=/run/user/1002/bus', 'DEBUGINFOD_URLS': 'https://debuginfod.ubuntu.com', 'COLCON_PREFIX_PATH': '/home/ras/DUM-E_ROSCode/ros2_ws/install', 'ROS_DISTRO': 'jazzy', 'LOGNAME': 'ras', '_': '/usr/bin/colcon', 'ROS_VERSION': '2', 'XDG_SESSION_CLASS': 'user', 'TERM': 'xterm-256color', 'XDG_SESSION_ID': '28', 'PATH': '/opt/ros/jazzy/bin:/home/ras/.local/bin:/usr/local/sbin:/usr/local/bin:/usr/sbin:/usr/bin:/sbin:/bin:/usr/games:/usr/local/games:/snap/bin', 'LC_ADDRESS': 'nl_NL.UTF-8', 'XDG_RUNTIME_DIR': '/run/user/1002', 'LANG': 'C.UTF-8', 'LC_TELEPHONE': 'nl_NL.UTF-8', 'LS_COLORS': 'rs=0:di=01;34:ln=01;36:mh=00:pi=40;33:so=01;35:do=01;35:bd=40;33;01:cd=40;33;01:or=40;31;01:mi=00:su=37;41:sg=30;43:ca=00:tw=30;42:ow=34;42:st=37;44:ex=01;32:*.tar=01;31:*.tgz=01;31:*.arc=01;31:*.arj=01;31:*.taz=01;31:*.lha=01;31:*.lz4=01;31:*.lzh=01;31:*.lzma=01;31:*.tlz=01;31:*.txz=01;31:*.tzo=01;31:*.t7z=01;31:*.zip=01;31:*.z=01;31:*.dz=01;31:*.gz=01;31:*.lrz=01;31:*.lz=01;31:*.lzo=01;31:*.xz=01;31:*.zst=01;31:*.tzst=01;31:*.bz2=01;31:*.bz=01;31:*.tbz=01;31:*.tbz2=01;31:*.tz=01;31:*.deb=01;31:*.rpm=01;31:*.jar=01;31:*.war=01;31:*.ear=01;31:*.sar=01;31:*.rar=01;31:*.alz=01;31:*.ace=01;31:*.zoo=01;31:*.cpio=01;31:*.7z=01;31:*.rz=01;31:*.cab=01;31:*.wim=01;31:*.swm=01;31:*.dwm=01;31:*.esd=01;31:*.avif=01;35:*.jpg=01;35:*.jpeg=01;35:*.mjpg=01;35:*.mjpeg=01;35:*.gif=01;35:*.bmp=01;35:*.pbm=01;35:*.pgm=01;35:*.ppm=01;35:*.tga=01;35:*.xbm=01;35:*.xpm=01;35:*.tif=01;35:*.tiff=01;35:*.png=01;35:*.svg=01;35:*.svgz=01;35:*.mng=01;35:*.pcx=01;35:*.mov=01;35:*.mpg=01;35:*.mpeg=01;35:*.m2v=01;35:*.mkv=01;35:*.webm=01;35:*.webp=01;35:*.ogm=01;35:*.mp4=01;35:*.m4v=01;35:*.mp4v=01;35:*.vob=01;35:*.qt=01;35:*.nuv=01;35:*.wmv=01;35:*.asf=01;35:*.rm=01;35:*.rmvb=01;35:*.flc=01;35:*.avi=01;35:*.fli=01;35:*.flv=01;35:*.gl=01;35:*.dl=01;35:*.xcf=01;35:*.xwd=01;35:*.yuv=01;35:*.cgm=01;35:*.emf=01;35:*.ogv=01;35:*.ogx=01;35:*.aac=00;36:*.au=00;36:*.flac=00;36:*.m4a=00;36:*.mid=00;36:*.midi=00;36:*.mka=00;36:*.mp3=00;36:*.mpc=00;36:*.ogg=00;36:*.ra=00;36:*.wav=00;36:*.oga=00;36:*.opus=00;36:*.spx=00;36:*.xspf=00;36:*~=00;90:*#=00;90:*.bak=00;90:*.crdownload=00;90:*.dpkg-dist=00;90:*.dpkg-new=00;90:*.dpkg-old=00;90:*.dpkg-tmp=00;90:*.old=00;90:*.orig=00;90:*.part=00;90:*.rej=00;90:*.rpmnew=00;90:*.rpmorig=00;90:*.rpmsave=00;90:*.swp=00;90:*.tmp=00;90:*.ucf-dist=00;90:*.ucf-new=00;90:*.ucf-old=00;90:', 'AMENT_PREFIX_PATH': '/home/ras/DUM-E_ROSCode/ros2_ws/install/py_srvcli:/home/ras/DUM-E_ROSCode/ros2_ws/install/tutorial_interfaces:/home/ras/DUM-E_ROSCode/ros2_ws/install/my_package:/home/ras/DUM-E_ROSCode/ros2_ws/install/arduino_interfaces:/opt/ros/jazzy', 'SHELL': '/bin/bash', 'LC_NAME': 'nl_NL.UTF-8', 'LESSCLOSE': '/usr/bin/lesspipe %s %s', 'LC_MEASUREMENT': 'nl_NL.UTF-8', 'LC_IDENTIFICATION': 'nl_NL.UTF-8', 'ROS_AUTOMATIC_DISCOVERY_RANGE': 'SUBNET', 'PWD': '/home/ras/DUM-E_ROSCode/ros2_ws/build/py_srvcli', 'LC_ALL': 'en_US.UTF-8', 'SSH_CONNECTION': '145.93.117.102 55360 145.93.236.46 22', 'XDG_DATA_DIRS': '/usr/share/gnome:/usr/local/share:/usr/share:/var/lib/snapd/desktop', 'PYTHONPATH': '/home/ras/DUM-E_ROSCode/ros2_ws/build/py_srvcli/prefix_override:/usr/lib/python3/dist-packages/colcon_core/task/python/colcon_distutils_commands:/home/ras/DUM-E_ROSCode/ros2_ws/install/py_srvcli/lib/python3.12/site-packages:/home/ras/DUM-E_ROSCode/ros2_ws/install/tutorial_interfaces/lib/python3.12/site-packages:/home/ras/DUM-E_ROSCode/ros2_ws/install/arduino_interfaces/lib/python3.12/site-packages:/home/ras/DUM-E_ROSCode/ros2_ws/install/py_srvcli/lib/python3.12/site-packages:/home/ras/DUM-E_ROSCode/ros2_ws/install/my_package/lib/python3.12/site-packages:/opt/ros/jazzy/lib/python3.12/site-packages', 'LC_NUMERIC': 'nl_NL.UTF-8', 'LC_PAPER': 'nl_NL.UTF-8', 'COLCON': '1', 'CMAKE_PREFIX_PATH': '/home/ras/DUM-E_ROSCode/ros2_ws/install/tutorial_interfaces:/home/ras/DUM-E_ROSCode/ros2_ws/install/arduino_interfaces:/opt/ros/jazzy/opt/gz_math_vendor:/opt/ros/jazzy/opt/gz_utils_vendor:/opt/ros/jazzy/opt/gz_cmake_vendor'}, 'shell': False}
[9.468022] (-) TimerEvent: {}
[9.568798] (-) TimerEvent: {}
[9.670136] (-) TimerEvent: {}
[9.728058] (my_package) StdoutLine: {'line': b'Installing my_node script to /home/ras/DUM-E_ROSCode/ros2_ws/install/my_package/lib/my_package\n'}
[9.730759] (my_package) StdoutLine: {'line': b"writing list of installed files to '/home/ras/DUM-E_ROSCode/ros2_ws/build/my_package/install.log'\n"}
[9.770415] (-) TimerEvent: {}
[9.871454] (-) TimerEvent: {}
[9.897630] (my_package) CommandEnded: {'returncode': 0}
[9.931287] (my_package) JobEnded: {'identifier': 'my_package', 'rc': 0}
[9.971598] (-) TimerEvent: {}
[10.072324] (-) TimerEvent: {}
[10.172937] (-) TimerEvent: {}
[10.273602] (-) TimerEvent: {}
[10.374244] (-) TimerEvent: {}
[10.474830] (-) TimerEvent: {}
[10.575488] (-) TimerEvent: {}
[10.676106] (-) TimerEvent: {}
[10.776860] (-) TimerEvent: {}
[10.786145] (py_srvcli) StdoutLine: {'line': b'running egg_info\n'}
[10.877034] (-) TimerEvent: {}
[10.879064] (py_srvcli) StdoutLine: {'line': b'writing ../../build/py_srvcli/py_srvcli.egg-info/PKG-INFO\n'}
[10.880505] (py_srvcli) StdoutLine: {'line': b'writing dependency_links to ../../build/py_srvcli/py_srvcli.egg-info/dependency_links.txt\n'}
[10.881859] (py_srvcli) StdoutLine: {'line': b'writing entry points to ../../build/py_srvcli/py_srvcli.egg-info/entry_points.txt\n'}
[10.882955] (py_srvcli) StdoutLine: {'line': b'writing requirements to ../../build/py_srvcli/py_srvcli.egg-info/requires.txt\n'}
[10.883955] (py_srvcli) StdoutLine: {'line': b'writing top-level names to ../../build/py_srvcli/py_srvcli.egg-info/top_level.txt\n'}
[10.977284] (-) TimerEvent: {}
[11.073889] (py_srvcli) StdoutLine: {'line': b"reading manifest file '../../build/py_srvcli/py_srvcli.egg-info/SOURCES.txt'\n"}
[11.075574] (py_srvcli) StdoutLine: {'line': b"adding license file 'LICENSE'\n"}
[11.077354] (-) TimerEvent: {}
[11.078009] (py_srvcli) StdoutLine: {'line': b"writing manifest file '../../build/py_srvcli/py_srvcli.egg-info/SOURCES.txt'\n"}
[11.080354] (py_srvcli) StdoutLine: {'line': b'running build\n'}
[11.080986] (py_srvcli) StdoutLine: {'line': b'running build_py\n'}
[11.081583] (py_srvcli) StdoutLine: {'line': b'copying py_srvcli/service_arduino_function.py -> /home/ras/DUM-E_ROSCode/ros2_ws/build/py_srvcli/build/lib/py_srvcli\n'}
[11.083152] (py_srvcli) StdoutLine: {'line': b'running install\n'}
[11.106625] (py_srvcli) StdoutLine: {'line': b'running install_lib\n'}
[11.177508] (-) TimerEvent: {}
[11.199133] (py_srvcli) StdoutLine: {'line': b'copying /home/ras/DUM-E_ROSCode/ros2_ws/build/py_srvcli/build/lib/py_srvcli/service_arduino_function.py -> /home/ras/DUM-E_ROSCode/ros2_ws/install/py_srvcli/lib/python3.12/site-packages/py_srvcli\n'}
[11.202921] (py_srvcli) StdoutLine: {'line': b'byte-compiling /home/ras/DUM-E_ROSCode/ros2_ws/install/py_srvcli/lib/python3.12/site-packages/py_srvcli/service_arduino_function.py to service_arduino_function.cpython-312.pyc\n'}
[11.206705] (py_srvcli) StdoutLine: {'line': b'running install_data\n'}
[11.207874] (py_srvcli) StdoutLine: {'line': b'running install_egg_info\n'}
[11.277670] (-) TimerEvent: {}
[11.308115] (py_srvcli) StdoutLine: {'line': b"removing '/home/ras/DUM-E_ROSCode/ros2_ws/install/py_srvcli/lib/python3.12/site-packages/py_srvcli-0.0.0-py3.12.egg-info' (and everything under it)\n"}
[11.309956] (py_srvcli) StdoutLine: {'line': b'Copying ../../build/py_srvcli/py_srvcli.egg-info to /home/ras/DUM-E_ROSCode/ros2_ws/install/py_srvcli/lib/python3.12/site-packages/py_srvcli-0.0.0-py3.12.egg-info\n'}
[11.315496] (py_srvcli) StdoutLine: {'line': b'running install_scripts\n'}
[11.377851] (-) TimerEvent: {}
[11.478526] (-) TimerEvent: {}
[11.579154] (-) TimerEvent: {}
[11.679810] (-) TimerEvent: {}
[11.780549] (-) TimerEvent: {}
[11.881188] (-) TimerEvent: {}
[11.982334] (-) TimerEvent: {}
[12.019449] (py_srvcli) StdoutLine: {'line': b'Installing client script to /home/ras/DUM-E_ROSCode/ros2_ws/install/py_srvcli/lib/py_srvcli\n'}
[12.020549] (py_srvcli) StdoutLine: {'line': b'Installing service script to /home/ras/DUM-E_ROSCode/ros2_ws/install/py_srvcli/lib/py_srvcli\n'}
[12.025481] (py_srvcli) StdoutLine: {'line': b"writing list of installed files to '/home/ras/DUM-E_ROSCode/ros2_ws/build/py_srvcli/install.log'\n"}
[12.082576] (-) TimerEvent: {}
[12.170748] (py_srvcli) CommandEnded: {'returncode': 0}
[12.182743] (-) TimerEvent: {}
[12.206000] (py_srvcli) JobEnded: {'identifier': 'py_srvcli', 'rc': 0}
[12.209280] (-) EventReactorShutdown: {}
